Workbook

Sheet nexus_theme_level
A1: lbh9517_175126 | B1: lbh9517_175126 | C1: lbh9517_175126 | D1: lbh9517_175126 | E1: lbh9517_175126 | F1: lbh9517_175126 | G1: lbh9517_175126 | H1: lbh9517_175126 | I1: lbh9517_175126 | J1: lbh9517_175126 | K1: lbh9517_175126 | L1: lbh9517_175126 | M1: lbh9517_175126
A2: 고유값 | C2: 테마 id | D2: 패스 레벨 | E2: 필요 exp 양 | F2: 완료 보상 1 | G2: 보상 값 1 | H2: 해금될 도감 스토리 id | I2: y시 메인 리워드 | J2: 등급 설정 | K2: 세트 설정 | L2: 장비 옵션 설정 | M2: 장비 강화 LV 설정(현재 15만 사용 가능)
A3: id | B3: export_id | C3: theme_id | D3: level | E3: need_exp_value | F3: reward_id_1 | G3: reward_value_1 | H3: dic_collect_story | I3: main_reward | J3: *grade_rate_1 | K3: *set_drop_1 | L3: *equip_op_1 | M3: *equip_enchant_lv_1
A4: =C4&"_pass_"&D4 -> s1_pass_1 | B4: lbh9517_175126 | C4: s1 | D4: 1 | E4: 50 | F4: to_gold | G4: 50000 | H4: nexus_s1_story_001
A5: =C5&"_pass_"&D5 -> s1_pass_2 | B5: lbh9517_175126 | C5: s1 | D5: 2 | E5: =E4+ROUNDUP($E$4*D4,-1) -> 100 | F5: to_stigma | G5: 150
A6: =C6&"_pass_"&D6 -> s1_pass_3 | B6: lbh9517_175126 | C6: s1 | D6: 3 | E6: =E5+ROUNDUP($E$4*D5,-1) -> 200 | F6: to_ticketrare | G6: 5 | H6: nexus_s1_story_002
A7: =C7&"_pass_"&D7 -> s1_pass_4 | B7: lbh9517_175126 | C7: s1 | D7: 4 | E7: =E6+ROUNDUP($E$4*D6,-1) -> 350 | F7: to_gold | G7: 75000
A8: =C8&"_pass_"&D8 -> s1_pass_5 | B8: lbh9517_175126 | C8: s1 | D8: 5 | E8: =E7+ROUNDUP($E$4*D7,-1) -> 550 | F8: to_crystal | G8: 30 | H8: nexus_s1_story_003
A9: =C9&"_pass_"&D9 -> s1_pass_6 | B9: lbh9517_175126 | C9: s1 | D9: 6 | E9: =E8+ROUNDUP($E$4*D8,-1) -> 800 | F9: to_powder | G9: 15
A10: =C10&"_pass_"&D10 -> s1_pass_7 | B10: lbh9517_175126 | C10: s1 | D10: 7 | E10: =E9+ROUNDUP($E$4*D9,-1) -> 1100 | F10: to_ticketrare_wish | G10: 3 | H10: nexus_s1_story_004
A11: =C11&"_pass_"&D11 -> s1_pass_8 | B11: lbh9517_175126 | C11: s1 | D11: 8 | E11: =E10+ROUNDUP($E$4*D10,-1) -> 1450 | F11: to_gold | G11: 100000
A12: =C12&"_pass_"&D12 -> s1_pass_9 | B12: lbh9517_175126 | C12: s1 | D12: 9 | E12: =E11+ROUNDUP($E$4*D11,-1) -> 1850 | F12: to_stigma | G12: 300 | H12: nexus_s1_story_005
A13: =C13&"_pass_"&D13 -> s1_pass_10 | B13: lbh9517_175126 | C13: s1 | D13: 10 | E13: =E12+ROUNDUP($E$4*D12,-1) -> 2300 | F13: to_crystal | G13: 100 | I13: y
A14: =C14&"_pass_"&D14 -> s1_pass_11 | B14: lbh9517_175126 | C14: s1 | D14: 11 | E14: =E13+ROUNDUP($E$4*D13,-1) -> 2800 | F14: to_gold | G14: 50000 | H14: nexus_s1_story_006
A15: =C15&"_pass_"&D15 -> s1_pass_12 | B15: lbh9517_175126 | C15: s1 | D15: 12 | E15: =E14+ROUNDUP($E$4*D14,-1) -> 3350 | F15: to_stigma | G15: 150
A16: =C16&"_pass_"&D16 -> s1_pass_13 | B16: lbh9517_175126 | C16: s1 | D16: 13 | E16: =E15+ROUNDUP($E$4*D15,-1) -> 3950 | F16: to_ticketrare | G16: 5 | H16: nexus_s1_story_007
A17: =C17&"_pass_"&D17 -> s1_pass_14 | B17: lbh9517_175126 | C17: s1 | D17: 14 | E17: =E16+ROUNDUP($E$4*D16,-1) -> 4600 | F17: to_gold | G17: 75000
A18: =C18&"_pass_"&D18 -> s1_pass_15 | B18: lbh9517_175126 | C18: s1 | D18: 15 | E18: =E17+ROUNDUP($E$4*D17,-1) -> 5300 | F18: to_crystal | G18: 30 | H18: nexus_s1_story_008
A19: =C19&"_pass_"&D19 -> s1_pass_16 | B19: lbh9517_175126 | C19: s1 | D19: 16 | E19: =E18+ROUNDUP($E$4*D18,-1) -> 6050 | F19: to_powder | G19: 15
A20: =C20&"_pass_"&D20 -> s1_pass_17 | B20: lbh9517_175126 | C20: s1 | D20: 17 | E20: =E19+ROUNDUP($E$4*D19,-1) -> 6850 | F20: to_ticketrare_wish | G20: 3 | H20: nexus_s1_story_009
A21: =C21&"_pass_"&D21 -> s1_pass_18 | B21: lbh9517_175126 | C21: s1 | D21: 18 | E21: =E20+ROUNDUP($E$4*D20,-1) -> 7700 | F21: to_gold | G21: 100000
A22: =C22&"_pass_"&D22 -> s1_pass_19 | B22: lbh9517_175126 | C22: s1 | D22: 19 | E22: =E21+ROUNDUP($E$4*D21,-1) -> 8600 | F22: to_stigma | G22: 300 | H22: nexus_s1_story_010
A23: =C23&"_pass_"&D23 -> s1_pass_20 | B23: lbh9517_175126 | C23: s1 | D23: 20 | E23: =E22+ROUNDUP($E$4*D22,-1) -> 9550 | F23: to_ticketrare | G23: 20 | I23: y
A24: =C24&"_pass_"&D24 -> s1_pass_21 | B24: lbh9517_175126 | C24: s1 | D24: 21 | E24: =E23+ROUNDUP($E$4*D23,-1) -> 10550 | F24: to_gold | G24: 50000 | H24: nexus_s1_story_011
A25: =C25&"_pass_"&D25 -> s1_pass_22 | B25: lbh9517_175126 | C25: s1 | D25: 22 | E25: =E24+ROUNDUP($E$4*D24,-1) -> 11600 | F25: to_stigma | G25: 150
A26: =C26&"_pass_"&D26 -> s1_pass_23 | B26: lbh9517_175126 | C26: s1 | D26: 23 | E26: =E25+ROUNDUP($E$4*D25,-1) -> 12700 | F26: to_ticketrare | G26: 5 | H26: nexus_s1_story_012
A27: =C27&"_pass_"&D27 -> s1_pass_24 | B27: lbh9517_175126 | C27: s1 | D27: 24 | E27: =E26+ROUNDUP($E$4*D26,-1) -> 13850 | F27: to_gold | G27: 75000
A28: =C28&"_pass_"&D28 -> s1_pass_25 | B28: lbh9517_175126 | C28: s1 | D28: 25 | E28: =E27+ROUNDUP($E$4*D27,-1) -> 15050 | F28: to_crystal | G28: 30 | H28: nexus_s1_story_013
A29: =C29&"_pass_"&D29 -> s1_pass_26 | B29: lbh9517_175126 | C29: s1 | D29: 26 | E29: =E28+ROUNDUP($E$4*D28,-1) -> 16300 | F29: to_powder | G29: 15
A30: =C30&"_pass_"&D30 -> s1_pass_27 | B30: lbh9517_175126 | C30: s1 | D30: 27 | E30: =E29+ROUNDUP($E$4*D29,-1) -> 17600 | F30: to_ticketrare_wish | G30: 3 | H30: nexus_s1_story_014
A31: =C31&"_pass_"&D31 -> s1_pass_28 | B31: lbh9517_175126 | C31: s1 | D31: 28 | E31: =E30+ROUNDUP($E$4*D30,-1) -> 18950 | F31: to_gold | G31: 100000
A32: =C32&"_pass_"&D32 -> s1_pass_29 | B32: lbh9517_175126 | C32: s1 | D32: 29 | E32: =E31+ROUNDUP($E$4*D31,-1) -> 20350 | F32: to_stigma | G32: 300 | H32: nexus_s1_story_015
A33: =C33&"_pass_"&D33 -> s1_pass_30 | B33: lbh9517_175126 | C33: s1 | D33: 30 | E33: =E32+ROUNDUP($E$4*D32,-1) -> 21800 | F33: to_powder | G33: 60 | I33: y
A34: =C34&"_pass_"&D34 -> s1_pass_31 | B34: lbh9517_175126 | C34: s1 | D34: 31 | E34: =E33+ROUNDUP($E$4*D33,-1) -> 23300 | F34: to_gold | G34: 50000
A35: =C35&"_pass_"&D35 -> s1_pass_32 | B35: lbh9517_175126 | C35: s1 | D35: 32 | E35: =E34+ROUNDUP($E$4*D34,-1) -> 24850 | F35: to_stigma | G35: 150
A36: =C36&"_pass_"&D36 -> s1_pass_33 | B36: lbh9517_175126 | C36: s1 | D36: 33 | E36: =E35+ROUNDUP($E$4*D35,-1) -> 26450 | F36: to_ticketrare | G36: 5
A37: =C37&"_pass_"&D37 -> s1_pass_34 | B37: lbh9517_175126 | C37: s1 | D37: 34 | E37: =E36+ROUNDUP($E$4*D36,-1) -> 28100 | F37: to_gold | G37: 75000
A38: =C38&"_pass_"&D38 -> s1_pass_35 | B38: lbh9517_175126 | C38: s1 | D38: 35 | E38: =E37+ROUNDUP($E$4*D37,-1) -> 29800 | F38: to_crystal | G38: 30
A39: =C39&"_pass_"&D39 -> s1_pass_36 | B39: lbh9517_175126 | C39: s1 | D39: 36 | E39: =E38+ROUNDUP($E$4*D38,-1) -> 31550 | F39: to_powder | G39: 15
A40: =C40&"_pass_"&D40 -> s1_pass_37 | B40: lbh9517_175126 | C40: s1 | D40: 37 | E40: =E39+ROUNDUP($E$4*D39,-1) -> 33350 | F40: to_ticketrare_wish | G40: 3
A41: =C41&"_pass_"&D41 -> s1_pass_38 | B41: lbh9517_175126 | C41: s1 | D41: 38 | E41: =E40+ROUNDUP($E$4*D40,-1) -> 35200 | F41: to_gold | G41: 100000
A42: =C42&"_pass_"&D42 -> s1_pass_39 | B42: lbh9517_175126 | C42: s1 | D42: 39 | E42: =E41+ROUNDUP($E$4*D41,-1) -> 37100 | F42: to_stigma | G42: 300
A43: =C43&"_pass_"&D43 -> s1_pass_40 | B43: lbh9517_175126 | C43: s1 | D43: 40 | E43: =E42+ROUNDUP($E$4*D42,-1) -> 39050 | F43: to_ticketrare_wish | G43: 10 | I43: y
A44: =C44&"_pass_"&D44 -> s1_pass_41 | B44: lbh9517_175126 | C44: s1 | D44: 41 | E44: =E43+ROUNDUP($E$4*D43,-1) -> 41050 | F44: to_gold | G44: 50000
A45: =C45&"_pass_"&D45 -> s1_pass_42 | B45: lbh9517_175126 | C45: s1 | D45: 42 | E45: =E44+ROUNDUP($E$4*D44,-1) -> 43100 | F45: to_stigma | G45: 150
A46: =C46&"_pass_"&D46 -> s1_pass_43 | B46: lbh9517_175126 | C46: s1 | D46: 43 | E46: =E45+ROUNDUP($E$4*D45,-1) -> 45200 | F46: to_ticketrare | G46: 5
A47: =C47&"_pass_"&D47 -> s1_pass_44 | B47: lbh9517_175126 | C47: s1 | D47: 44 | E47: =E46+ROUNDUP($E$4*D46,-1) -> 47350 | F47: to_gold | G47: 75000
A48: =C48&"_pass_"&D48 -> s1_pass_45 | B48: lbh9517_175126 | C48: s1 | D48: 45 | E48: =E47+ROUNDUP($E$4*D47,-1) -> 49550 | F48: to_crystal | G48: 30
A49: =C49&"_pass_"&D49 -> s1_pass_46 | B49: lbh9517_175126 | C49: s1 | D49: 46 | E49: =E48+ROUNDUP($E$4*D48,-1) -> 51800 | F49: to_powder | G49: 15
A50: =C50&"_pass_"&D50 -> s1_pass_47 | B50: lbh9517_175126 | C50: s1 | D50: 47 | E50: =E49+ROUNDUP($E$4*D49,-1) -> 54100 | F50: to_ticketrare_wish | G50: 3
A51: =C51&"_pass_"&D51 -> s1_pass_48 | B51: lbh9517_175126 | C51: s1 | D51: 48 | E51: =E50+ROUNDUP($E$4*D50,-1) -> 56450 | F51: to_gold | G51: 100000
A52: =C52&"_pass_"&D52 -> s1_pass_49 | B52: lbh9517_175126 | C52: s1 | D52: 49 | E52: =E51+ROUNDUP($E$4*D51,-1) -> 58850 | F52: to_stigma | G52: 300
A53: =C53&"_pass_"&D53 -> s1_pass_50 | B53: lbh9517_175126 | C53: s1 | D53: 50 | E53: =E52+ROUNDUP($E$4*D52,-1) -> 61300 | F53: to_mura | G53: 2 | I53: y
A54: =C54&"_pass_"&D54 -> s1_pass_51 | B54: lbh9517_175126 | C54: s1 | D54: 51 | E54: =E53+ROUNDUP($E$4*D53,-1) -> 63800 | F54: to_gold | G54: 50000
A55: =C55&"_pass_"&D55 -> s1_pass_52 | B55: lbh9517_175126 | C55: s1 | D55: 52 | E55: =E54+ROUNDUP($E$4*D54,-1) -> 66350 | F55: to_stigma | G55: 150
A56: =C56&"_pass_"&D56 -> s1_pass_53 | B56: lbh9517_175126 | C56: s1 | D56: 53 | E56: =E55+ROUNDUP($E$4*D55,-1) -> 68950 | F56: to_ticketrare | G56: 5
A57: =C57&"_pass_"&D57 -> s1_pass_54 | B57: lbh9517_175126 | C57: s1 | D57: 54 | E57: =E56+ROUNDUP($E$4*D56,-1) -> 71600 | F57: to_gold | G57: 75000
A58: =C58&"_pass_"&D58 -> s1_pass_55 | B58: lbh9517_175126 | C58: s1 | D58: 55 | E58: =E57+ROUNDUP($E$4*D57,-1) -> 74300 | F58: to_crystal | G58: 30
A59: =C59&"_pass_"&D59 -> s1_pass_56 | B59: lbh9517_175126 | C59: s1 | D59: 56 | E59: =E58+ROUNDUP($E$4*D58,-1) -> 77050 | F59: to_powder | G59: 15
A60: =C60&"_pass_"&D60 -> s1_pass_57 | B60: lbh9517_175126 | C60: s1 | D60: 57 | E60: =E59+ROUNDUP($E$4*D59,-1) -> 79850 | F60: to_ticketrare_wish | G60: 3
A61: =C61&"_pass_"&D61 -> s1_pass_58 | B61: lbh9517_175126 | C61: s1 | D61: 58 | E61: =E60+ROUNDUP($E$4*D60,-1) -> 82700 | F61: to_gold | G61: 100000
A62: =C62&"_pass_"&D62 -> s1_pass_59 | B62: lbh9517_175126 | C62: s1 | D62: 59 | E62: =E61+ROUNDUP($E$4*D61,-1) -> 85600 | F62: to_stigma | G62: 300
A63: =C63&"_pass_"&D63 -> s1_pass_60 | B63: lbh9517_175126 | C63: s1 | D63: 60 | E63: =E62+ROUNDUP($E$4*D62,-1) -> 88550 | F63: to_ticketspecial | G63: 50 | I63: y
A64: =C64&"_pass_"&D64 -> s1_pass_61 | B64: lbh9517_175126 | C64: s1 | D64: 61 | E64: =E63+ROUNDUP($E$4*D63,-1) -> 91550 | F64: to_gold | G64: 50000
A65: =C65&"_pass_"&D65 -> s1_pass_62 | B65: lbh9517_175126 | C65: s1 | D65: 62 | E65: =E64+ROUNDUP($E$4*D64,-1) -> 94600 | F65: to_stigma | G65: 150
A66: =C66&"_pass_"&D66 -> s1_pass_63 | B66: lbh9517_175126 | C66: s1 | D66: 63 | E66: =E65+ROUNDUP($E$4*D65,-1) -> 97700 | F66: to_ticketrare | G66: 5
A67: =C67&"_pass_"&D67 -> s1_pass_64 | B67: lbh9517_175126 | C67: s1 | D67: 64 | E67: =E66+ROUNDUP($E$4*D66,-1) -> 100850 | F67: to_gold | G67: 75000
A68: =C68&"_pass_"&D68 -> s1_pass_65 | B68: lbh9517_175126 | C68: s1 | D68: 65 | E68: =E67+ROUNDUP($E$4*D67,-1) -> 104050 | F68: to_crystal | G68: 30
A69: =C69&"_pass_"&D69 -> s1_pass_66 | B69: lbh9517_175126 | C69: s1 | D69: 66 | E69: =E68+ROUNDUP($E$4*D68,-1) -> 107300 | F69: to_powder | G69: 15
A70: =C70&"_pass_"&D70 -> s1_pass_67 | B70: lbh9517_175126 | C70: s1 | D70: 67 | E70: =E69+ROUNDUP($E$4*D69,-1) -> 110600 | F70: to_ticketrare_wish | G70: 3
A71: =C71&"_pass_"&D71 -> s1_pass_68 | B71: lbh9517_175126 | C71: s1 | D71: 68 | E71: =E70+ROUNDUP($E$4*D70,-1) -> 113950 | F71: to_gold | G71: 100000
A72: =C72&"_pass_"&D72 -> s1_pass_69 | B72: lbh9517_175126 | C72: s1 | D72: 69 | E72: =E71+ROUNDUP($E$4*D71,-1) -> 117350 | F72: to_stigma | G72: 300
A73: =C73&"_pass_"&D73 -> s1_pass_70 | B73: lbh9517_175126 | C73: s1 | D73: 70 | E73: =E72+ROUNDUP($E$4*D72,-1) -> 120800 | F73: to_hero2 | G73: 1 | I73: y
A74: =C74&"_pass_"&D74 -> s1_pass_71 | B74: lbh9517_175126 | C74: s1 | D74: 71 | E74: =E73+ROUNDUP($E$4*D73,-1) -> 124300 | F74: to_gold | G74: 50000
A75: =C75&"_pass_"&D75 -> s1_pass_72 | B75: lbh9517_175126 | C75: s1 | D75: 72 | E75: =E74+ROUNDUP($E$4*D74,-1) -> 127850 | F75: to_stigma | G75: 150
A76: =C76&"_pass_"&D76 -> s1_pass_73 | B76: lbh9517_175126 | C76: s1 | D76: 73 | E76: =E75+ROUNDUP($E$4*D75,-1) -> 131450 | F76: to_ticketrare | G76: 5
A77: =C77&"_pass_"&D77 -> s1_pass_74 | B77: lbh9517_175126 | C77: s1 | D77: 74 | E77: =E76+ROUNDUP($E$4*D76,-1) -> 135100 | F77: to_gold | G77: 75000
A78: =C78&"_pass_"&D78 -> s1_pass_75 | B78: lbh9517_175126 | C78: s1 | D78: 75 | E78: =E77+ROUNDUP($E$4*D77,-1) -> 138800 | F78: to_crystal | G78: 30
A79: =C79&"_pass_"&D79 -> s1_pass_76 | B79: lbh9517_175126 | C79: s1 | D79: 76 | E79: =E78+ROUNDUP($E$4*D78,-1) -> 142550 | F79: to_powder | G79: 15
A80: =C80&"_pass_"&D80 -> s1_pass_77 | B80: lbh9517_175126 | C80: s1 | D80: 77 | E80: =E79+ROUNDUP($E$4*D79,-1) -> 146350 | F80: to_ticketrare_wish | G80: 3
A81: =C81&"_pass_"&D81 -> s1_pass_78 | B81: lbh9517_175126 | C81: s1 | D81: 78 | E81: =E80+ROUNDUP($E$4*D80,-1) -> 150200 | F81: to_gold | G81: 100000
A82: =C82&"_pass_"&D82 -> s1_pass_79 | B82: lbh9517_175126 | C82: s1 | D82: 79 | E82: =E81+ROUNDUP($E$4*D81,-1) -> 154100 | F82: to_stigma | G82: 300
A83: =C83&"_pass_"&D83 -> s1_pass_80 | B83: lbh9517_175126 | C83: s1 | D83: 80 | E83: =E82+ROUNDUP($E$4*D82,-1) -> 158050 | F83: to_ticketmoon | G83: 5 | I83: y
A84: =C84&"_pass_"&D84 -> s1_pass_81 | B84: lbh9517_175126 | C84: s1 | D84: 81 | E84: =E83+ROUNDUP($E$4*D83,-1) -> 162050 | F84: to_gold | G84: 50000
A85: =C85&"_pass_"&D85 -> s1_pass_82 | B85: lbh9517_175126 | C85: s1 | D85: 82 | E85: =E84+ROUNDUP($E$4*D84,-1) -> 166100 | F85: to_stigma | G85: 150
A86: =C86&"_pass_"&D86 -> s1_pass_83 | B86: lbh9517_175126 | C86: s1 | D86: 83 | E86: =E85+ROUNDUP($E$4*D85,-1) -> 170200 | F86: to_ticketrare | G86: 5
A87: =C87&"_pass_"&D87 -> s1_pass_84 | B87: lbh9517_175126 | C87: s1 | D87: 84 | E87: =E86+ROUNDUP($E$4*D86,-1) -> 174350 | F87: to_gold | G87: 75000
A88: =C88&"_pass_"&D88 -> s1_pass_85 | B88: lbh9517_175126 | C88: s1 | D88: 85 | E88: =E87+ROUNDUP($E$4*D87,-1) -> 178550 | F88: to_crystal | G88: 30
A89: =C89&"_pass_"&D89 -> s1_pass_86 | B89: lbh9517_175126 | C89: s1 | D89: 86 | E89: =E88+ROUNDUP($E$4*D88,-1) -> 182800 | F89: to_powder | G89: 15
A90: =C90&"_pass_"&D90 -> s1_pass_87 | B90: lbh9517_175126 | C90: s1 | D90: 87 | E90: =E89+ROUNDUP($E$4*D89,-1) -> 187100 | F90: to_ticketrare_wish | G90: 3
A91: =C91&"_pass_"&D91 -> s1_pass_88 | B91: lbh9517_175126 | C91: s1 | D91: 88 | E91: =E90+ROUNDUP($E$4*D90,-1) -> 191450 | F91: to_gold | G91: 100000
A92: =C92&"_pass_"&D92 -> s1_pass_89 | B92: lbh9517_175126 | C92: s1 | D92: 89 | E92: =E91+ROUNDUP($E$4*D91,-1) -> 195850 | F92: to_stigma | G92: 300
A93: =C93&"_pass_"&D93 -> s1_pass_90 | B93: lbh9517_175126 | C93: s1 | D93: 90 | E93: =E92+ROUNDUP($E$4*D92,-1) -> 200300 | F93: to_crystal | G93: 300 | I93: y
A94: =C94&"_pass_"&D94 -> s1_pass_91 | B94: lbh9517_175126 | C94: s1 | D94: 91 | E94: =E93+ROUNDUP($E$4*D93,-1) -> 204800 | F94: to_gold | G94: 50000
A95: =C95&"_pass_"&D95 -> s1_pass_92 | B95: lbh9517_175126 | C95: s1 | D95: 92 | E95: =E94+ROUNDUP($E$4*D94,-1) -> 209350 | F95: to_stigma | G95: 150
A96: =C96&"_pass_"&D96 -> s1_pass_93 | B96: lbh9517_175126 | C96: s1 | D96: 93 | E96: =E95+ROUNDUP($E$4*D95,-1) -> 213950 | F96: to_ticketrare | G96: 5
A97: =C97&"_pass_"&D97 -> s1_pass_94 | B97: lbh9517_175126 | C97: s1 | D97: 94 | E97: =E96+ROUNDUP($E$4*D96,-1) -> 218600 | F97: to_gold | G97: 75000
A98: =C98&"_pass_"&D98 -> s1_pass_95 | B98: lbh9517_175126 | C98: s1 | D98: 95 | E98: =E97+ROUNDUP($E$4*D97,-1) -> 223300 | F98: to_crystal | G98: 30
A99: =C99&"_pass_"&D99 -> s1_pass_96 | B99: lbh9517_175126 | C99: s1 | D99: 96 | E99: =E98+ROUNDUP($E$4*D98,-1) -> 228050 | F99: to_powder | G99: 15
A100: =C100&"_pass_"&D100 -> s1_pass_97 | B100: lbh9517_175126 | C100: s1 | D100: 97 | E100: =E99+ROUNDUP($E$4*D99,-1) -> 232850 | F100: to_ticketrare_wish | G100: 3
...

Sheet nexus_hall_level
A1: lbh9517_175126 | B1: lbh9517_175126 | C1: lbh9517_175126 | D1: lbh9517_175126 | E1: lbh9517_175126 | F1: lbh9517_175126 | G1: lbh9517_175126 | H1: lbh9517_175126 | I1: lbh9517_175126 | J1: lbh9517_175126 | K1: lbh9517_175126 | L1: lbh9517_175126 | M1: lbh9517_175126 | N1: lbh9517_175126 | O1: lbh9517_175126 | P1: lbh9517_175126 | Q1: lbh9517_175126 | R1: lbh9517_175126 | S1: lbh9517_175126 | T1: lbh9517_175126 | U1: lbh9517_175126 | V1: lbh9517_175126 | W1: lbh9517_175126
A2: 고유값 | C2: 테마 id | D2: 레벨 | E2: 레벨 별 배경 | F2: 레벨 별 이미지 | G2: 레벨 상승 필요 아이템 | H2: 레벨 상승 필요 개수 | I2: 노드 구획 해방 권한 | J2: 리워드 타입 | K2: 리워드 id | L2: 리워드 개수 | M2: 등급 설정 | N2: 세트 설정 | O2: 장비 옵션 설정 | P2: 장비 강화 LV 설정(현재 15만 사용 가능) | Q2: 리워드 타입 | R2: 리워드 id | S2: 리워드 개수 | T2: 등급 설정 | U2: 세트 설정 | V2: 장비 옵션 설정 | W2: 장비 강화 LV 설정(현재 15만 사용 가능)
A3: id | B3: export_id | C3: theme_id | D3: level | E3: level_bg | F3: level_image | G3: level_require_item_id | H3: level_require_item_value | I3: node_permission | J3: reward_type_1 | K3: reward_id_1 | L3: reward_1_value | M3: *grade_rate_1 | N3: *set_drop_1 | O3: *equip_op_1 | P3: *equip_enchant_lv_1 | Q3: reward_type_2 | R3: reward_id_2 | S3: reward_2_value | T3: *grade_rate_2 | U3: *set_drop_2 | V3: *equip_op_2 | W3: *equip_enchant_lv_2
A4: =C4&"_level_"&D4 -> s1_level_1 | B4: lbh9517_175126 | C4: s1 | D4: 1 | E4: bg_nexus1_00pct | F4: nexus_hall_lv_01 | G4: to_gold | H4: 0 | I4: 1 | J4: node | K4: to_gold | L4: 100000 | Q4: item | R4: to_gold | S4: 50000
A5: =C5&"_level_"&D5 -> s1_level_2 | B5: lbh9517_175126 | C5: s1 | D5: 2 | E5: bg_nexus1_00pct | F5: nexus_hall_lv_02 | G5: to_gold | H5: 200 | I5: 1 | J5: item | K5: to_gold | L5: 100000 | Q5: item | R5: to_stigma | S5: 200
A6: =C6&"_level_"&D6 -> s1_level_3 | B6: lbh9517_175126 | C6: s1 | D6: 3 | E6: bg_nexus1_25pct | F6: nexus_hall_lv_03 | G6: to_gold | H6: 450 | I6: 2 | J6: node | K6: to_gold | L6: 100000 | Q6: item | R6: to_crystal | S6: 50
A7: =C7&"_level_"&D7 -> s1_level_4 | B7: lbh9517_175126 | C7: s1 | D7: 4 | E7: bg_nexus1_25pct | F7: nexus_hall_lv_04 | G7: to_gold | H7: 800 | I7: 2 | J7: item | K7: to_ticketrare | L7: 5 | Q7: item | R7: to_gold | S7: 150000
A8: =C8&"_level_"&D8 -> s1_level_5 | B8: lbh9517_175126 | C8: s1 | D8: 5 | E8: bg_nexus1_50pct | F8: nexus_hall_lv_05 | G8: to_gold | H8: 1250 | I8: 3 | J8: node | K8: to_gold | L8: 100000 | Q8: item | R8: to_powder | S8: 30
A9: =C9&"_level_"&D9 -> s1_level_6 | B9: lbh9517_175126 | C9: s1 | D9: 6 | E9: bg_nexus1_50pct | F9: nexus_hall_lv_06 | G9: to_gold | H9: 1800 | I9: 3 | J9: item | K9: to_ticketrare_wish | L9: 5 | Q9: item | R9: to_stigma | S9: 400
A10: =C10&"_level_"&D10 -> s1_level_7 | B10: lbh9517_175126 | C10: s1 | D10: 7 | E10: bg_nexus1_75pct | F10: nexus_hall_lv_07 | G10: to_gold | H10: 2450 | I10: 4 | J10: node | K10: to_gold | L10: 100000 | Q10: item | R10: to_ticketspecial | S10: 30
A11: =C11&"_level_"&D11 -> s1_level_8 | B11: lbh9517_175126 | C11: s1 | D11: 8 | E11: bg_nexus1_75pct | F11: nexus_hall_lv_08 | G11: to_gold | H11: 3200 | I11: 4 | J11: item | K11: to_crystal | L11: 150 | Q11: item | R11: to_powder | S11: 60
A12: =C12&"_level_"&D12 -> s1_level_9 | B12: lbh9517_175126 | C12: s1 | D12: 9 | E12: bg_nexus1_100pct | F12: nexus_hall_lv_09 | G12: to_gold | H12: 4050 | I12: 5 | J12: node | K12: to_gold | L12: 100000 | Q12: item | R12: to_mura | S12: 2
A13: =C13&"_level_"&D13 -> s1_level_10 | B13: lbh9517_175126 | C13: s1 | D13: 10 | E13: bg_nexus1_100pct | F13: nexus_hall_lv_10 | G13: to_gold | H13: 5000 | I13: 5 | J13: item | K13: to_ticketmoon | L13: 5 | Q13: item | R13: sp_eqf5s_210422 | S13: 1

Sheet nexus_node_category
A1: lbh9517_175126 | B1: lbh9517_175126 | E1: lbh9517_175126 | F1: lbh9517_175126
A2: 노드카테고리id | C2: 테마 id 주석 | D2: 노드 카테고리 주석 | E2: 카테고리 정렬 순서 | F2: 노드 이름 tid
A3: category | B3: export_id | E3: index | F3: node_name
A4: =_xlfn.TEXTJOIN("_",TRUE,C4,D4) -> survival | B4: lbh9517_175126 | D4: survival | E4: 1 | F4: ="s1_node_"&D4&"_name" -> s1_node_survival_name
A5: =_xlfn.TEXTJOIN("_",TRUE,C5,D5) -> economy | B5: lbh9517_175126 | D5: economy | E5: 2 | F5: ="s1_node_"&D5&"_name" -> s1_node_economy_name
A6: =_xlfn.TEXTJOIN("_",TRUE,C6,D6) -> recruit | B6: lbh9517_175126 | D6: recruit | E6: 3 | F6: ="s1_node_"&D6&"_name" -> s1_node_recruit_name
A7: =_xlfn.TEXTJOIN("_",TRUE,C7,D7) -> relic | B7: lbh9517_175126 | D7: relic | E7: 4 | F7: ="s1_node_"&D7&"_name" -> s1_node_relic_name
A8: =_xlfn.TEXTJOIN("_",TRUE,C8,D8) -> battle | B8: lbh9517_175126 | D8: battle | E8: 5 | F8: ="s1_node_"&D8&"_name" -> s1_node_battle_name
A9: =_xlfn.TEXTJOIN("_",TRUE,C9,D9) -> archive | B9: lbh9517_175126 | D9: archive | E9: 6 | F9: ="s1_node_"&D9&"_name" -> s1_node_archive_name

Sheet nexus_node
A1: lbh9517_175126 | B1: lbh9517_175126 | C1: lbh9517_175126 | D1: lbh9517_175126 | E1: lbh9517_175126 | F1: lbh9517_175126 | G1: lbh9517_175126 | H1: lbh9517_175126 | I1: lbh9517_175126 | J1: lbh9517_175126 | L1: lbh9517_175126 | M1: lbh9517_175126 | N1: lbh9517_175126 | O1: lbh9517_175126 | P1: lbh9517_175126 | Q1: lbh9517_175126 | R1: lbh9517_175126 | S1: lbh9517_175126 | T1: lbh9517_175126
A2: 고유값 | C2: 테마 id | D2: 노드 카테고리 | E2: 카테고리 TID | F2: 카테고리 TID | G2: 노드 이미지 파일명 | H2: 메인 리워드 권한 | I2: 노드 활성화 필요 아이템 | J2: 노드 활성화 필요 개수 | K2: 전체 필요 개수 | L2: 노드 활성화 횟수 | M2: 노드 칼럼 위치 | N2: 노드 행 위치 | O2: 선행 조건 노드 ID 1 | P2: 선행 조건 노드 ID 2 | Q2: 선행 조건 노드 ID 3 | R2: 선행 조건 노드 ID 4 | S2: 선행 조건 노드 ID 5 | T2: nexus_effect 테이블의 id 입력
A3: id | B3: export_id | C3: theme_id | D3: category | E3: category_name | F3: node_effect_desc | G3: image | H3: node_permission | I3: active_item_id | J3: active_item_value | L3: active_step | M3: column | N3: row | O3: condition_node_1 | P3: condition_node_2 | Q3: condition_node_3 | R3: condition_node_4 | S3: condition_node_5 | T3: nexus_effect_id
A4: =_xlfn.TEXTJOIN("_",TRUE,C4,"node",D4,M4,N4) -> s1_node_survival_1_4 | B4: lbh9517_175126 | C4: s1 | D4: survival | E4: ="s1_node_"&D4&"_name" -> s1_node_survival_name | F4: ="s1_node_"&D4&"_desc" -> s1_node_survival_desc | G4: icon_menu_max_hp | H4: 1 | I4: to_gold | J4: 20;30;30 | K4: 80 | L4: 3 | M4: 1 | N4: 4 | T4: =_xlfn.TEXTJOIN("_",TRUE,C4,"node_eff",D4,M4,N4) -> s1_node_eff_survival_1_4
A5: =_xlfn.TEXTJOIN("_",TRUE,C5,"node",D5,M5,N5) -> s1_node_survival_2_2 | B5: lbh9517_175126 | C5: s1 | D5: survival | E5: ="s1_node_"&D5&"_name" -> s1_node_survival_name | F5: ="s1_node_"&D5&"_desc" -> s1_node_survival_desc | G5: icon_menu_max_hp | H5: 1 | I5: to_gold | J5: 30;40;50 | K5: 120 | L5: 3 | M5: 2 | N5: 2 | O5: s1_node_survival_1_4 | T5: =_xlfn.TEXTJOIN("_",TRUE,C5,"node_eff",D5,M5,N5) -> s1_node_eff_survival_2_2
A6: =_xlfn.TEXTJOIN("_",TRUE,C6,"node",D6,M6,N6) -> s1_node_survival_2_6 | B6: lbh9517_175126 | C6: s1 | D6: survival | E6: ="s1_node_"&D6&"_name" -> s1_node_survival_name | F6: ="s1_node_"&D6&"_desc" -> s1_node_survival_desc | G6: icon_menu_trust | H6: 1 | I6: to_gold | J6: 30;40;50 | K6: 120 | L6: 3 | M6: 2 | N6: 6 | O6: s1_node_survival_1_4 | T6: =_xlfn.TEXTJOIN("_",TRUE,C6,"node_eff",D6,M6,N6) -> s1_node_eff_survival_2_6
A7: =_xlfn.TEXTJOIN("_",TRUE,C7,"node",D7,M7,N7) -> s1_node_survival_3_2 | B7: lbh9517_175126 | C7: s1 | D7: survival | E7: ="s1_node_"&D7&"_name" -> s1_node_survival_name | F7: ="s1_node_"&D7&"_desc" -> s1_node_survival_desc | G7: icon_menu_trust | H7: 1 | I7: to_gold | J7: 40;50;60 | K7: 150 | L7: 3 | M7: 3 | N7: 2 | O7: s1_node_survival_2_2 | T7: =_xlfn.TEXTJOIN("_",TRUE,C7,"node_eff",D7,M7,N7) -> s1_node_eff_survival_3_2
A8: =_xlfn.TEXTJOIN("_",TRUE,C8,"node",D8,M8,N8) -> s1_node_survival_3_6 | B8: lbh9517_175126 | C8: s1 | D8: survival | E8: ="s1_node_"&D8&"_name" -> s1_node_survival_name | F8: ="s1_node_"&D8&"_desc" -> s1_node_survival_desc | G8: icon_menu_max_hp | H8: 1 | I8: to_gold | J8: 40;50;60 | K8: 150 | L8: 3 | M8: 3 | N8: 6 | O8: s1_node_survival_2_6 | T8: =_xlfn.TEXTJOIN("_",TRUE,C8,"node_eff",D8,M8,N8) -> s1_node_eff_survival_3_6
A9: =_xlfn.TEXTJOIN("_",TRUE,C9,"node",D9,M9,N9) -> s1_node_survival_4_2 | B9: lbh9517_175126 | C9: s1 | D9: survival | E9: ="s1_node_"&D9&"_name" -> s1_node_survival_name | F9: ="s1_node_"&D9&"_desc" -> s1_node_survival_desc | G9: icon_menu_max_hp | H9: 1 | I9: to_gold | J9: 50;60;70 | K9: 180 | L9: 3 | M9: 4 | N9: 2 | O9: s1_node_survival_3_2 | T9: =_xlfn.TEXTJOIN("_",TRUE,C9,"node_eff",D9,M9,N9) -> s1_node_eff_survival_4_2
A10: =_xlfn.TEXTJOIN("_",TRUE,C10,"node",D10,M10,N10) -> s1_node_survival_4_6 | B10: lbh9517_175126 | C10: s1 | D10: survival | E10: ="s1_node_"&D10&"_name" -> s1_node_survival_name | F10: ="s1_node_"&D10&"_desc" -> s1_node_survival_desc | G10: icon_menu_max_hp | H10: 1 | I10: to_gold | J10: 50;60;70 | K10: 180 | L10: 3 | M10: 4 | N10: 6 | O10: s1_node_survival_3_6 | T10: =_xlfn.TEXTJOIN("_",TRUE,C10,"node_eff",D10,M10,N10) -> s1_node_eff_survival_4_6
A11: =_xlfn.TEXTJOIN("_",TRUE,C11,"node",D11,M11,N11) -> s1_node_survival_5_2 | B11: lbh9517_175126 | C11: s1 | D11: survival | E11: ="s1_node_"&D11&"_name" -> s1_node_survival_name | F11: ="s1_node_"&D11&"_desc" -> s1_node_survival_desc | G11: icon_menu_battle2 | H11: 1 | I11: to_gold | J11: 60;70;90 | K11: 220 | L11: 3 | M11: 5 | N11: 2 | O11: s1_node_survival_4_2 | T11: =_xlfn.TEXTJOIN("_",TRUE,C11,"node_eff",D11,M11,N11) -> s1_node_eff_survival_5_2
A12: =_xlfn.TEXTJOIN("_",TRUE,C12,"node",D12,M12,N12) -> s1_node_survival_5_6 | B12: lbh9517_175126 | C12: s1 | D12: survival | E12: ="s1_node_"&D12&"_name" -> s1_node_survival_name | F12: ="s1_node_"&D12&"_desc" -> s1_node_survival_desc | G12: icon_menu_battle2 | H12: 1 | I12: to_gold | J12: 60;70;90 | K12: 220 | L12: 3 | M12: 5 | N12: 6 | O12: s1_node_survival_4_6 | T12: =_xlfn.TEXTJOIN("_",TRUE,C12,"node_eff",D12,M12,N12) -> s1_node_eff_survival_5_6
A13: =_xlfn.TEXTJOIN("_",TRUE,C13,"node",D13,M13,N13) -> s1_node_survival_6_4 | B13: lbh9517_175126 | C13: s1 | D13: survival | E13: ="s1_node_"&D13&"_name" -> s1_node_survival_name | F13: ="s1_node_"&D13&"_desc" -> s1_node_survival_desc | G13: icon_menu_max_hp | H13: 1 | I13: to_gold | J13: 70;80;100 | K13: 250 | L13: 3 | M13: 6 | N13: 4 | O13: s1_node_survival_5_2 | P13: s1_node_survival_5_6 | T13: =_xlfn.TEXTJOIN("_",TRUE,C13,"node_eff",D13,M13,N13) -> s1_node_eff_survival_6_4
A14: =_xlfn.TEXTJOIN("_",TRUE,C14,"node",D14,M14,N14) -> s1_node_survival_7_2 | B14: lbh9517_175126 | C14: s1 | D14: survival | E14: ="s1_node_"&D14&"_name" -> s1_node_survival_name | F14: ="s1_node_"&D14&"_desc" -> s1_node_survival_desc | G14: icon_menu_max_hp | H14: 1 | I14: to_gold | J14: 90;100;100 | K14: 290 | L14: 3 | M14: 7 | N14: 2 | O14: s1_node_survival_6_4 | T14: =_xlfn.TEXTJOIN("_",TRUE,C14,"node_eff",D14,M14,N14) -> s1_node_eff_survival_7_2
A15: =_xlfn.TEXTJOIN("_",TRUE,C15,"node",D15,M15,N15) -> s1_node_survival_7_6 | B15: lbh9517_175126 | C15: s1 | D15: survival | E15: ="s1_node_"&D15&"_name" -> s1_node_survival_name | F15: ="s1_node_"&D15&"_desc" -> s1_node_survival_desc | G15: icon_menu_trust | H15: 1 | I15: to_gold | J15: 90;100;100 | K15: 290 | L15: 3 | M15: 7 | N15: 6 | O15: s1_node_survival_6_4 | T15: =_xlfn.TEXTJOIN("_",TRUE,C15,"node_eff",D15,M15,N15) -> s1_node_eff_survival_7_6
A16: =_xlfn.TEXTJOIN("_",TRUE,C16,"node",D16,M16,N16) -> s1_node_survival_8_2 | B16: lbh9517_175126 | C16: s1 | D16: survival | E16: ="s1_node_"&D16&"_name" -> s1_node_survival_name | F16: ="s1_node_"&D16&"_desc" -> s1_node_survival_desc | G16: icon_menu_trust | H16: 1 | I16: to_gold | J16: 100;110;110 | K16: 320 | L16: 3 | M16: 8 | N16: 2 | O16: s1_node_survival_7_2 | T16: =_xlfn.TEXTJOIN("_",TRUE,C16,"node_eff",D16,M16,N16) -> s1_node_eff_survival_8_2
A17: =_xlfn.TEXTJOIN("_",TRUE,C17,"node",D17,M17,N17) -> s1_node_survival_8_6 | B17: lbh9517_175126 | C17: s1 | D17: survival | E17: ="s1_node_"&D17&"_name" -> s1_node_survival_name | F17: ="s1_node_"&D17&"_desc" -> s1_node_survival_desc | G17: icon_menu_max_hp | H17: 1 | I17: to_gold | J17: 100;110;110 | K17: 320 | L17: 3 | M17: 8 | N17: 6 | O17: s1_node_survival_7_6 | T17: =_xlfn.TEXTJOIN("_",TRUE,C17,"node_eff",D17,M17,N17) -> s1_node_eff_survival_8_6
A18: =_xlfn.TEXTJOIN("_",TRUE,C18,"node",D18,M18,N18) -> s1_node_survival_9_2 | B18: lbh9517_175126 | C18: s1 | D18: survival | E18: ="s1_node_"&D18&"_name" -> s1_node_survival_name | F18: ="s1_node_"&D18&"_desc" -> s1_node_survival_desc | G18: icon_menu_max_hp | H18: 1 | I18: to_gold | J18: 110;120;130 | K18: 360 | L18: 3 | M18: 9 | N18: 2 | O18: s1_node_survival_8_2 | T18: =_xlfn.TEXTJOIN("_",TRUE,C18,"node_eff",D18,M18,N18) -> s1_node_eff_survival_9_2
A19: =_xlfn.TEXTJOIN("_",TRUE,C19,"node",D19,M19,N19) -> s1_node_survival_9_6 | B19: lbh9517_175126 | C19: s1 | D19: survival | E19: ="s1_node_"&D19&"_name" -> s1_node_survival_name | F19: ="s1_node_"&D19&"_desc" -> s1_node_survival_desc | G19: icon_menu_max_hp | H19: 1 | I19: to_gold | J19: 110;120;130 | K19: 360 | L19: 3 | M19: 9 | N19: 6 | O19: s1_node_survival_8_6 | T19: =_xlfn.TEXTJOIN("_",TRUE,C19,"node_eff",D19,M19,N19) -> s1_node_eff_survival_9_6
A20: =_xlfn.TEXTJOIN("_",TRUE,C20,"node",D20,M20,N20) -> s1_node_survival_10_2 | B20: lbh9517_175126 | C20: s1 | D20: survival | E20: ="s1_node_"&D20&"_name" -> s1_node_survival_name | F20: ="s1_node_"&D20&"_desc" -> s1_node_survival_desc | G20: icon_menu_battle2 | H20: 1 | I20: to_gold | J20: 120;130;140 | K20: 390 | L20: 3 | M20: 10 | N20: 2 | O20: s1_node_survival_9_2 | T20: =_xlfn.TEXTJOIN("_",TRUE,C20,"node_eff",D20,M20,N20) -> s1_node_eff_survival_10_2
A21: =_xlfn.TEXTJOIN("_",TRUE,C21,"node",D21,M21,N21) -> s1_node_survival_10_6 | B21: lbh9517_175126 | C21: s1 | D21: survival | E21: ="s1_node_"&D21&"_name" -> s1_node_survival_name | F21: ="s1_node_"&D21&"_desc" -> s1_node_survival_desc | G21: icon_menu_battle2 | H21: 1 | I21: to_gold | J21: 120;130;140 | K21: 390 | L21: 3 | M21: 10 | N21: 6 | O21: s1_node_survival_9_6 | T21: =_xlfn.TEXTJOIN("_",TRUE,C21,"node_eff",D21,M21,N21) -> s1_node_eff_survival_10_6
A22: =_xlfn.TEXTJOIN("_",TRUE,C22,"node",D22,M22,N22) -> s1_node_survival_11_4 | B22: lbh9517_175126 | C22: s1 | D22: survival | E22: ="s1_node_"&D22&"_name" -> s1_node_survival_name | F22: ="s1_node_"&D22&"_desc" -> s1_node_survival_desc | G22: icon_menu_max_hp | H22: 1 | I22: to_gold | J22: 130;140;160 | K22: 430 | L22: 3 | M22: 11 | N22: 4 | O22: s1_node_survival_10_2 | P22: s1_node_survival_10_6 | T22: =_xlfn.TEXTJOIN("_",TRUE,C22,"node_eff",D22,M22,N22) -> s1_node_eff_survival_11_4
A23: =_xlfn.TEXTJOIN("_",TRUE,C23,"node",D23,M23,N23) -> s1_node_survival_12_2 | B23: lbh9517_175126 | C23: s1 | D23: survival | E23: ="s1_node_"&D23&"_name" -> s1_node_survival_name | F23: ="s1_node_"&D23&"_desc" -> s1_node_survival_desc | G23: icon_menu_max_hp | H23: 1 | I23: to_gold | J23: 140;150;170 | K23: 460 | L23: 3 | M23: 12 | N23: 2 | O23: s1_node_survival_11_4 | T23: =_xlfn.TEXTJOIN("_",TRUE,C23,"node_eff",D23,M23,N23) -> s1_node_eff_survival_12_2
A24: =_xlfn.TEXTJOIN("_",TRUE,C24,"node",D24,M24,N24) -> s1_node_survival_12_6 | B24: lbh9517_175126 | C24: s1 | D24: survival | E24: ="s1_node_"&D24&"_name" -> s1_node_survival_name | F24: ="s1_node_"&D24&"_desc" -> s1_node_survival_desc | G24: icon_menu_trust | H24: 1 | I24: to_gold | J24: 140;150;170 | K24: 460 | L24: 3 | M24: 12 | N24: 6 | O24: s1_node_survival_11_4 | T24: =_xlfn.TEXTJOIN("_",TRUE,C24,"node_eff",D24,M24,N24) -> s1_node_eff_survival_12_6
A25: =_xlfn.TEXTJOIN("_",TRUE,C25,"node",D25,M25,N25) -> s1_node_survival_13_2 | B25: lbh9517_175126 | C25: s1 | D25: survival | E25: ="s1_node_"&D25&"_name" -> s1_node_survival_name | F25: ="s1_node_"&D25&"_desc" -> s1_node_survival_desc | G25: icon_menu_trust | H25: 1 | I25: to_gold | J25: 160;170;170 | K25: 500 | L25: 3 | M25: 13 | N25: 2 | O25: s1_node_survival_12_2 | T25: =_xlfn.TEXTJOIN("_",TRUE,C25,"node_eff",D25,M25,N25) -> s1_node_eff_survival_13_2
A26: =_xlfn.TEXTJOIN("_",TRUE,C26,"node",D26,M26,N26) -> s1_node_survival_13_6 | B26: lbh9517_175126 | C26: s1 | D26: survival | E26: ="s1_node_"&D26&"_name" -> s1_node_survival_name | F26: ="s1_node_"&D26&"_desc" -> s1_node_survival_desc | G26: icon_menu_max_hp | H26: 1 | I26: to_gold | J26: 160;170;170 | K26: 500 | L26: 3 | M26: 13 | N26: 6 | O26: s1_node_survival_12_6 | T26: =_xlfn.TEXTJOIN("_",TRUE,C26,"node_eff",D26,M26,N26) -> s1_node_eff_survival_13_6
A27: =_xlfn.TEXTJOIN("_",TRUE,C27,"node",D27,M27,N27) -> s1_node_survival_14_2 | B27: lbh9517_175126 | C27: s1 | D27: survival | E27: ="s1_node_"&D27&"_name" -> s1_node_survival_name | F27: ="s1_node_"&D27&"_desc" -> s1_node_survival_desc | G27: icon_menu_max_hp | H27: 1 | I27: to_gold | J27: 170;180;180 | K27: 530 | L27: 3 | M27: 14 | N27: 2 | O27: s1_node_survival_13_2 | T27: =_xlfn.TEXTJOIN("_",TRUE,C27,"node_eff",D27,M27,N27) -> s1_node_eff_survival_14_2
A28: =_xlfn.TEXTJOIN("_",TRUE,C28,"node",D28,M28,N28) -> s1_node_survival_14_6 | B28: lbh9517_175126 | C28: s1 | D28: survival | E28: ="s1_node_"&D28&"_name" -> s1_node_survival_name | F28: ="s1_node_"&D28&"_desc" -> s1_node_survival_desc | G28: icon_menu_max_hp | H28: 1 | I28: to_gold | J28: 170;180;180 | K28: 530 | L28: 3 | M28: 14 | N28: 6 | O28: s1_node_survival_13_6 | T28: =_xlfn.TEXTJOIN("_",TRUE,C28,"node_eff",D28,M28,N28) -> s1_node_eff_survival_14_6
A29: =_xlfn.TEXTJOIN("_",TRUE,C29,"node",D29,M29,N29) -> s1_node_survival_15_2 | B29: lbh9517_175126 | C29: s1 | D29: survival | E29: ="s1_node_"&D29&"_name" -> s1_node_survival_name | F29: ="s1_node_"&D29&"_desc" -> s1_node_survival_desc | G29: icon_menu_battle2 | H29: 1 | I29: to_gold | J29: 180;190;200 | K29: 570 | L29: 3 | M29: 15 | N29: 2 | O29: s1_node_survival_14_2 | T29: =_xlfn.TEXTJOIN("_",TRUE,C29,"node_eff",D29,M29,N29) -> s1_node_eff_survival_15_2
A30: =_xlfn.TEXTJOIN("_",TRUE,C30,"node",D30,M30,N30) -> s1_node_survival_15_6 | B30: lbh9517_175126 | C30: s1 | D30: survival | E30: ="s1_node_"&D30&"_name" -> s1_node_survival_name | F30: ="s1_node_"&D30&"_desc" -> s1_node_survival_desc | G30: icon_menu_battle2 | H30: 1 | I30: to_gold | J30: 180;190;200 | K30: 570 | L30: 3 | M30: 15 | N30: 6 | O30: s1_node_survival_14_6 | T30: =_xlfn.TEXTJOIN("_",TRUE,C30,"node_eff",D30,M30,N30) -> s1_node_eff_survival_15_6
A31: =_xlfn.TEXTJOIN("_",TRUE,C31,"node",D31,M31,N31) -> s1_node_survival_16_4 | B31: lbh9517_175126 | C31: s1 | D31: survival | E31: ="s1_node_"&D31&"_name" -> s1_node_survival_name | F31: ="s1_node_"&D31&"_desc" -> s1_node_survival_desc | G31: icon_menu_max_hp | H31: 1 | I31: to_gold | J31: 190;200;210 | K31: 600 | L31: 3 | M31: 16 | N31: 4 | O31: s1_node_survival_15_2 | P31: s1_node_survival_15_6 | T31: =_xlfn.TEXTJOIN("_",TRUE,C31,"node_eff",D31,M31,N31) -> s1_node_eff_survival_16_4
A32: =_xlfn.TEXTJOIN("_",TRUE,C32,"node",D32,M32,N32) -> s1_node_survival_17_2 | B32: lbh9517_175126 | C32: s1 | D32: survival | E32: ="s1_node_"&D32&"_name" -> s1_node_survival_name | F32: ="s1_node_"&D32&"_desc" -> s1_node_survival_desc | G32: icon_menu_max_hp | H32: 1 | I32: to_gold | J32: 200;210;230 | K32: 640 | L32: 3 | M32: 17 | N32: 2 | O32: s1_node_survival_16_4 | T32: =_xlfn.TEXTJOIN("_",TRUE,C32,"node_eff",D32,M32,N32) -> s1_node_eff_survival_17_2
A33: =_xlfn.TEXTJOIN("_",TRUE,C33,"node",D33,M33,N33) -> s1_node_survival_17_6 | B33: lbh9517_175126 | C33: s1 | D33: survival | E33: ="s1_node_"&D33&"_name" -> s1_node_survival_name | F33: ="s1_node_"&D33&"_desc" -> s1_node_survival_desc | G33: icon_menu_trust | H33: 1 | I33: to_gold | J33: 200;210;230 | K33: 640 | L33: 3 | M33: 17 | N33: 6 | O33: s1_node_survival_16_4 | T33: =_xlfn.TEXTJOIN("_",TRUE,C33,"node_eff",D33,M33,N33) -> s1_node_eff_survival_17_6
A34: =_xlfn.TEXTJOIN("_",TRUE,C34,"node",D34,M34,N34) -> s1_node_survival_18_2 | B34: lbh9517_175126 | C34: s1 | D34: survival | E34: ="s1_node_"&D34&"_name" -> s1_node_survival_name | F34: ="s1_node_"&D34&"_desc" -> s1_node_survival_desc | G34: icon_menu_trust | H34: 1 | I34: to_gold | J34: 210;220;240 | K34: 670 | L34: 3 | M34: 18 | N34: 2 | O34: s1_node_survival_17_2 | T34: =_xlfn.TEXTJOIN("_",TRUE,C34,"node_eff",D34,M34,N34) -> s1_node_eff_survival_18_2
A35: =_xlfn.TEXTJOIN("_",TRUE,C35,"node",D35,M35,N35) -> s1_node_survival_18_6 | B35: lbh9517_175126 | C35: s1 | D35: survival | E35: ="s1_node_"&D35&"_name" -> s1_node_survival_name | F35: ="s1_node_"&D35&"_desc" -> s1_node_survival_desc | G35: icon_menu_max_hp | H35: 1 | I35: to_gold | J35: 210;220;240 | K35: 670 | L35: 3 | M35: 18 | N35: 6 | O35: s1_node_survival_17_6 | T35: =_xlfn.TEXTJOIN("_",TRUE,C35,"node_eff",D35,M35,N35) -> s1_node_eff_survival_18_6
A36: =_xlfn.TEXTJOIN("_",TRUE,C36,"node",D36,M36,N36) -> s1_node_survival_19_2 | B36: lbh9517_175126 | C36: s1 | D36: survival | E36: ="s1_node_"&D36&"_name" -> s1_node_survival_name | F36: ="s1_node_"&D36&"_desc" -> s1_node_survival_desc | G36: icon_menu_max_hp | H36: 1 | I36: to_gold | J36: 230;240;240 | K36: 710 | L36: 3 | M36: 19 | N36: 2 | O36: s1_node_survival_18_2 | T36: =_xlfn.TEXTJOIN("_",TRUE,C36,"node_eff",D36,M36,N36) -> s1_node_eff_survival_19_2
A37: =_xlfn.TEXTJOIN("_",TRUE,C37,"node",D37,M37,N37) -> s1_node_survival_19_6 | B37: lbh9517_175126 | C37: s1 | D37: survival | E37: ="s1_node_"&D37&"_name" -> s1_node_survival_name | F37: ="s1_node_"&D37&"_desc" -> s1_node_survival_desc | G37: icon_menu_max_hp | H37: 1 | I37: to_gold | J37: 230;240;240 | K37: 710 | L37: 3 | M37: 19 | N37: 6 | O37: s1_node_survival_18_6 | T37: =_xlfn.TEXTJOIN("_",TRUE,C37,"node_eff",D37,M37,N37) -> s1_node_eff_survival_19_6
A38: =_xlfn.TEXTJOIN("_",TRUE,C38,"node",D38,M38,N38) -> s1_node_survival_20_2 | B38: lbh9517_175126 | C38: s1 | D38: survival | E38: ="s1_node_"&D38&"_name" -> s1_node_survival_name | F38: ="s1_node_"&D38&"_desc" -> s1_node_survival_desc | G38: icon_menu_battle2 | H38: 1 | I38: to_gold | J38: 240;250;250 | K38: 740 | L38: 3 | M38: 20 | N38: 2 | O38: s1_node_survival_19_2 | T38: =_xlfn.TEXTJOIN("_",TRUE,C38,"node_eff",D38,M38,N38) -> s1_node_eff_survival_20_2
A39: =_xlfn.TEXTJOIN("_",TRUE,C39,"node",D39,M39,N39) -> s1_node_survival_20_6 | B39: lbh9517_175126 | C39: s1 | D39: survival | E39: ="s1_node_"&D39&"_name" -> s1_node_survival_name | F39: ="s1_node_"&D39&"_desc" -> s1_node_survival_desc | G39: icon_menu_battle2 | H39: 1 | I39: to_gold | J39: 240;250;250 | K39: 740 | L39: 3 | M39: 20 | N39: 6 | O39: s1_node_survival_19_6 | T39: =_xlfn.TEXTJOIN("_",TRUE,C39,"node_eff",D39,M39,N39) -> s1_node_eff_survival_20_6
A40: =_xlfn.TEXTJOIN("_",TRUE,C40,"node",D40,M40,N40) -> s1_node_survival_21_4 | B40: lbh9517_175126 | C40: s1 | D40: survival | E40: ="s1_node_"&D40&"_name" -> s1_node_survival_name | F40: ="s1_node_"&D40&"_desc" -> s1_node_survival_desc | G40: icon_menu_max_hp | H40: 2 | I40: to_gold | J40: 250;260;270 | K40: 780 | L40: 3 | M40: 21 | N40: 4 | O40: s1_node_survival_20_2 | P40: s1_node_survival_20_6 | T40: =_xlfn.TEXTJOIN("_",TRUE,C40,"node_eff",D40,M40,N40) -> s1_node_eff_survival_21_4
A41: =_xlfn.TEXTJOIN("_",TRUE,C41,"node",D41,M41,N41) -> s1_node_survival_22_2 | B41: lbh9517_175126 | C41: s1 | D41: survival | E41: ="s1_node_"&D41&"_name" -> s1_node_survival_name | F41: ="s1_node_"&D41&"_desc" -> s1_node_survival_desc | G41: icon_menu_max_hp | H41: 2 | I41: to_gold | J41: 260;270;280 | K41: 810 | L41: 3 | M41: 22 | N41: 2 | O41: s1_node_survival_21_4 | T41: =_xlfn.TEXTJOIN("_",TRUE,C41,"node_eff",D41,M41,N41) -> s1_node_eff_survival_22_2
A42: =_xlfn.TEXTJOIN("_",TRUE,C42,"node",D42,M42,N42) -> s1_node_survival_22_6 | B42: lbh9517_175126 | C42: s1 | D42: survival | E42: ="s1_node_"&D42&"_name" -> s1_node_survival_name | F42: ="s1_node_"&D42&"_desc" -> s1_node_survival_desc | G42: icon_menu_trust | H42: 2 | I42: to_gold | J42: 260;270;280 | K42: 810 | L42: 3 | M42: 22 | N42: 6 | O42: s1_node_survival_21_4 | T42: =_xlfn.TEXTJOIN("_",TRUE,C42,"node_eff",D42,M42,N42) -> s1_node_eff_survival_22_6
A43: =_xlfn.TEXTJOIN("_",TRUE,C43,"node",D43,M43,N43) -> s1_node_survival_23_2 | B43: lbh9517_175126 | C43: s1 | D43: survival | E43: ="s1_node_"&D43&"_name" -> s1_node_survival_name | F43: ="s1_node_"&D43&"_desc" -> s1_node_survival_desc | G43: icon_menu_trust | H43: 2 | I43: to_gold | J43: 270;280;290 | K43: 840 | L43: 3 | M43: 23 | N43: 2 | O43: s1_node_survival_22_2 | T43: =_xlfn.TEXTJOIN("_",TRUE,C43,"node_eff",D43,M43,N43) -> s1_node_eff_survival_23_2
A44: =_xlfn.TEXTJOIN("_",TRUE,C44,"node",D44,M44,N44) -> s1_node_survival_23_6 | B44: lbh9517_175126 | C44: s1 | D44: survival | E44: ="s1_node_"&D44&"_name" -> s1_node_survival_name | F44: ="s1_node_"&D44&"_desc" -> s1_node_survival_desc | G44: icon_menu_max_hp | H44: 2 | I44: to_gold | J44: 270;280;290 | K44: 840 | L44: 3 | M44: 23 | N44: 6 | O44: s1_node_survival_22_6 | T44: =_xlfn.TEXTJOIN("_",TRUE,C44,"node_eff",D44,M44,N44) -> s1_node_eff_survival_23_6
A45: =_xlfn.TEXTJOIN("_",TRUE,C45,"node",D45,M45,N45) -> s1_node_survival_24_2 | B45: lbh9517_175126 | C45: s1 | D45: survival | E45: ="s1_node_"&D45&"_name" -> s1_node_survival_name | F45: ="s1_node_"&D45&"_desc" -> s1_node_survival_desc | G45: icon_menu_max_hp | H45: 2 | I45: to_gold | J45: 280;290;310 | K45: 880 | L45: 3 | M45: 24 | N45: 2 | O45: s1_node_survival_23_2 | T45: =_xlfn.TEXTJOIN("_",TRUE,C45,"node_eff",D45,M45,N45) -> s1_node_eff_survival_24_2
A46: =_xlfn.TEXTJOIN("_",TRUE,C46,"node",D46,M46,N46) -> s1_node_survival_24_6 | B46: lbh9517_175126 | C46: s1 | D46: survival | E46: ="s1_node_"&D46&"_name" -> s1_node_survival_name | F46: ="s1_node_"&D46&"_desc" -> s1_node_survival_desc | G46: icon_menu_max_hp | H46: 2 | I46: to_gold | J46: 280;290;310 | K46: 880 | L46: 3 | M46: 24 | N46: 6 | O46: s1_node_survival_23_6 | T46: =_xlfn.TEXTJOIN("_",TRUE,C46,"node_eff",D46,M46,N46) -> s1_node_eff_survival_24_6
A47: =_xlfn.TEXTJOIN("_",TRUE,C47,"node",D47,M47,N47) -> s1_node_survival_25_2 | B47: lbh9517_175126 | C47: s1 | D47: survival | E47: ="s1_node_"&D47&"_name" -> s1_node_survival_name | F47: ="s1_node_"&D47&"_desc" -> s1_node_survival_desc | G47: icon_menu_battle2 | H47: 2 | I47: to_gold | J47: 290;300;320 | K47: 910 | L47: 3 | M47: 25 | N47: 2 | O47: s1_node_survival_24_2 | T47: =_xlfn.TEXTJOIN("_",TRUE,C47,"node_eff",D47,M47,N47) -> s1_node_eff_survival_25_2
A48: =_xlfn.TEXTJOIN("_",TRUE,C48,"node",D48,M48,N48) -> s1_node_survival_25_6 | B48: lbh9517_175126 | C48: s1 | D48: survival | E48: ="s1_node_"&D48&"_name" -> s1_node_survival_name | F48: ="s1_node_"&D48&"_desc" -> s1_node_survival_desc | G48: icon_menu_battle2 | H48: 2 | I48: to_gold | J48: 290;300;320 | K48: 910 | L48: 3 | M48: 25 | N48: 6 | O48: s1_node_survival_24_6 | T48: =_xlfn.TEXTJOIN("_",TRUE,C48,"node_eff",D48,M48,N48) -> s1_node_eff_survival_25_6
A49: =_xlfn.TEXTJOIN("_",TRUE,C49,"node",D49,M49,N49) -> s1_node_survival_26_4 | B49: lbh9517_175126 | C49: s1 | D49: survival | E49: ="s1_node_"&D49&"_name" -> s1_node_survival_name | F49: ="s1_node_"&D49&"_desc" -> s1_node_survival_desc | G49: icon_menu_max_hp | H49: 2 | I49: to_gold | J49: 310;320;320 | K49: 950 | L49: 3 | M49: 26 | N49: 4 | O49: s1_node_survival_25_2 | P49: s1_node_survival_25_6 | T49: =_xlfn.TEXTJOIN("_",TRUE,C49,"node_eff",D49,M49,N49) -> s1_node_eff_survival_26_4
A50: =_xlfn.TEXTJOIN("_",TRUE,C50,"node",D50,M50,N50) -> s1_node_survival_27_2 | B50: lbh9517_175126 | C50: s1 | D50: survival | E50: ="s1_node_"&D50&"_name" -> s1_node_survival_name | F50: ="s1_node_"&D50&"_desc" -> s1_node_survival_desc | G50: icon_menu_max_hp | H50: 2 | I50: to_gold | J50: 320;330;330 | K50: 980 | L50: 3 | M50: 27 | N50: 2 | O50: s1_node_survival_26_4 | T50: =_xlfn.TEXTJOIN("_",TRUE,C50,"node_eff",D50,M50,N50) -> s1_node_eff_survival_27_2
A51: =_xlfn.TEXTJOIN("_",TRUE,C51,"node",D51,M51,N51) -> s1_node_survival_27_6 | B51: lbh9517_175126 | C51: s1 | D51: survival | E51: ="s1_node_"&D51&"_name" -> s1_node_survival_name | F51: ="s1_node_"&D51&"_desc" -> s1_node_survival_desc | G51: icon_menu_trust | H51: 2 | I51: to_gold | J51: 320;330;330 | K51: 980 | L51: 3 | M51: 27 | N51: 6 | O51: s1_node_survival_26_4 | T51: =_xlfn.TEXTJOIN("_",TRUE,C51,"node_eff",D51,M51,N51) -> s1_node_eff_survival_27_6
A52: =_xlfn.TEXTJOIN("_",TRUE,C52,"node",D52,M52,N52) -> s1_node_survival_28_2 | B52: lbh9517_175126 | C52: s1 | D52: survival | E52: ="s1_node_"&D52&"_name" -> s1_node_survival_name | F52: ="s1_node_"&D52&"_desc" -> s1_node_survival_desc | G52: icon_menu_trust | H52: 2 | I52: to_gold | J52: 330;340;350 | K52: 1020 | L52: 3 | M52: 28 | N52: 2 | O52: s1_node_survival_27_2 | T52: =_xlfn.TEXTJOIN("_",TRUE,C52,"node_eff",D52,M52,N52) -> s1_node_eff_survival_28_2
A53: =_xlfn.TEXTJOIN("_",TRUE,C53,"node",D53,M53,N53) -> s1_node_survival_28_6 | B53: lbh9517_175126 | C53: s1 | D53: survival | E53: ="s1_node_"&D53&"_name" -> s1_node_survival_name | F53: ="s1_node_"&D53&"_desc" -> s1_node_survival_desc | G53: icon_menu_max_hp | H53: 2 | I53: to_gold | J53: 330;340;350 | K53: 1020 | L53: 3 | M53: 28 | N53: 6 | O53: s1_node_survival_27_6 | T53: =_xlfn.TEXTJOIN("_",TRUE,C53,"node_eff",D53,M53,N53) -> s1_node_eff_survival_28_6
A54: =_xlfn.TEXTJOIN("_",TRUE,C54,"node",D54,M54,N54) -> s1_node_survival_29_2 | B54: lbh9517_175126 | C54: s1 | D54: survival | E54: ="s1_node_"&D54&"_name" -> s1_node_survival_name | F54: ="s1_node_"&D54&"_desc" -> s1_node_survival_desc | G54: icon_menu_max_hp | H54: 2 | I54: to_gold | J54: 340;350;360 | K54: 1050 | L54: 3 | M54: 29 | N54: 2 | O54: s1_node_survival_28_2 | T54: =_xlfn.TEXTJOIN("_",TRUE,C54,"node_eff",D54,M54,N54) -> s1_node_eff_survival_29_2
A55: =_xlfn.TEXTJOIN("_",TRUE,C55,"node",D55,M55,N55) -> s1_node_survival_29_6 | B55: lbh9517_175126 | C55: s1 | D55: survival | E55: ="s1_node_"&D55&"_name" -> s1_node_survival_name | F55: ="s1_node_"&D55&"_desc" -> s1_node_survival_desc | G55: icon_menu_max_hp | H55: 2 | I55: to_gold | J55: 340;350;360 | K55: 1050 | L55: 3 | M55: 29 | N55: 6 | O55: s1_node_survival_28_6 | T55: =_xlfn.TEXTJOIN("_",TRUE,C55,"node_eff",D55,M55,N55) -> s1_node_eff_survival_29_6
A56: =_xlfn.TEXTJOIN("_",TRUE,C56,"node",D56,M56,N56) -> s1_node_survival_30_2 | B56: lbh9517_175126 | C56: s1 | D56: survival | E56: ="s1_node_"&D56&"_name" -> s1_node_survival_name | F56: ="s1_node_"&D56&"_desc" -> s1_node_survival_desc | G56: icon_menu_battle2 | H56: 2 | I56: to_gold | J56: 350;360;380 | K56: 1090 | L56: 3 | M56: 30 | N56: 2 | O56: s1_node_survival_29_2 | T56: =_xlfn.TEXTJOIN("_",TRUE,C56,"node_eff",D56,M56,N56) -> s1_node_eff_survival_30_2
A57: =_xlfn.TEXTJOIN("_",TRUE,C57,"node",D57,M57,N57) -> s1_node_survival_30_6 | B57: lbh9517_175126 | C57: s1 | D57: survival | E57: ="s1_node_"&D57&"_name" -> s1_node_survival_name | F57: ="s1_node_"&D57&"_desc" -> s1_node_survival_desc | G57: icon_menu_battle2 | H57: 2 | I57: to_gold | J57: 350;360;380 | K57: 1090 | L57: 3 | M57: 30 | N57: 6 | O57: s1_node_survival_29_6 | T57: =_xlfn.TEXTJOIN("_",TRUE,C57,"node_eff",D57,M57,N57) -> s1_node_eff_survival_30_6
A58: =_xlfn.TEXTJOIN("_",TRUE,C58,"node",D58,M58,N58) -> s1_node_survival_31_4 | B58: lbh9517_175126 | C58: s1 | D58: survival | E58: ="s1_node_"&D58&"_name" -> s1_node_survival_name | F58: ="s1_node_"&D58&"_desc" -> s1_node_survival_desc | G58: icon_menu_max_hp | H58: 2 | I58: to_gold | J58: 360;370;390 | K58: 1120 | L58: 3 | M58: 31 | N58: 4 | O58: s1_node_survival_30_2 | P58: s1_node_survival_30_6 | T58: =_xlfn.TEXTJOIN("_",TRUE,C58,"node_eff",D58,M58,N58) -> s1_node_eff_survival_31_4
A59: =_xlfn.TEXTJOIN("_",TRUE,C59,"node",D59,M59,N59) -> s1_node_survival_32_2 | B59: lbh9517_175126 | C59: s1 | D59: survival | E59: ="s1_node_"&D59&"_name" -> s1_node_survival_name | F59: ="s1_node_"&D59&"_desc" -> s1_node_survival_desc | G59: icon_menu_max_hp | H59: 2 | I59: to_gold | J59: 380;390;390 | K59: 1160 | L59: 3 | M59: 32 | N59: 2 | O59: s1_node_survival_31_4 | T59: =_xlfn.TEXTJOIN("_",TRUE,C59,"node_eff",D59,M59,N59) -> s1_node_eff_survival_32_2
A60: =_xlfn.TEXTJOIN("_",TRUE,C60,"node",D60,M60,N60) -> s1_node_survival_32_6 | B60: lbh9517_175126 | C60: s1 | D60: survival | E60: ="s1_node_"&D60&"_name" -> s1_node_survival_name | F60: ="s1_node_"&D60&"_desc" -> s1_node_survival_desc | G60: icon_menu_trust | H60: 2 | I60: to_gold | J60: 380;390;390 | K60: 1160 | L60: 3 | M60: 32 | N60: 6 | O60: s1_node_survival_31_4 | T60: =_xlfn.TEXTJOIN("_",TRUE,C60,"node_eff",D60,M60,N60) -> s1_node_eff_survival_32_6
A61: =_xlfn.TEXTJOIN("_",TRUE,C61,"node",D61,M61,N61) -> s1_node_survival_33_2 | B61: lbh9517_175126 | C61: s1 | D61: survival | E61: ="s1_node_"&D61&"_name" -> s1_node_survival_name | F61: ="s1_node_"&D61&"_desc" -> s1_node_survival_desc | G61: icon_menu_trust | H61: 2 | I61: to_gold | J61: 390;400;400 | K61: 1190 | L61: 3 | M61: 33 | N61: 2 | O61: s1_node_survival_32_2 | T61: =_xlfn.TEXTJOIN("_",TRUE,C61,"node_eff",D61,M61,N61) -> s1_node_eff_survival_33_2
A62: =_xlfn.TEXTJOIN("_",TRUE,C62,"node",D62,M62,N62) -> s1_node_survival_33_6 | B62: lbh9517_175126 | C62: s1 | D62: survival | E62: ="s1_node_"&D62&"_name" -> s1_node_survival_name | F62: ="s1_node_"&D62&"_desc" -> s1_node_survival_desc | G62: icon_menu_max_hp | H62: 2 | I62: to_gold | J62: 390;400;400 | K62: 1190 | L62: 3 | M62: 33 | N62: 6 | O62: s1_node_survival_32_6 | T62: =_xlfn.TEXTJOIN("_",TRUE,C62,"node_eff",D62,M62,N62) -> s1_node_eff_survival_33_6
A63: =_xlfn.TEXTJOIN("_",TRUE,C63,"node",D63,M63,N63) -> s1_node_survival_34_2 | B63: lbh9517_175126 | C63: s1 | D63: survival | E63: ="s1_node_"&D63&"_name" -> s1_node_survival_name | F63: ="s1_node_"&D63&"_desc" -> s1_node_survival_desc | G63: icon_menu_max_hp | H63: 2 | I63: to_gold | J63: 400;410;420 | K63: 1230 | L63: 3 | M63: 34 | N63: 2 | O63: s1_node_survival_33_2 | T63: =_xlfn.TEXTJOIN("_",TRUE,C63,"node_eff",D63,M63,N63) -> s1_node_eff_survival_34_2
A64: =_xlfn.TEXTJOIN("_",TRUE,C64,"node",D64,M64,N64) -> s1_node_survival_34_6 | B64: lbh9517_175126 | C64: s1 | D64: survival | E64: ="s1_node_"&D64&"_name" -> s1_node_survival_name | F64: ="s1_node_"&D64&"_desc" -> s1_node_survival_desc | G64: icon_menu_max_hp | H64: 2 | I64: to_gold | J64: 400;410;420 | K64: 1230 | L64: 3 | M64: 34 | N64: 6 | O64: s1_node_survival_33_6 | T64: =_xlfn.TEXTJOIN("_",TRUE,C64,"node_eff",D64,M64,N64) -> s1_node_eff_survival_34_6
A65: =_xlfn.TEXTJOIN("_",TRUE,C65,"node",D65,M65,N65) -> s1_node_survival_35_2 | B65: lbh9517_175126 | C65: s1 | D65: survival | E65: ="s1_node_"&D65&"_name" -> s1_node_survival_name | F65: ="s1_node_"&D65&"_desc" -> s1_node_survival_desc | G65: icon_menu_battle2 | H65: 2 | I65: to_gold | J65: 410;420;430 | K65: 1260 | L65: 3 | M65: 35 | N65: 2 | O65: s1_node_survival_34_2 | T65: =_xlfn.TEXTJOIN("_",TRUE,C65,"node_eff",D65,M65,N65) -> s1_node_eff_survival_35_2
A66: =_xlfn.TEXTJOIN("_",TRUE,C66,"node",D66,M66,N66) -> s1_node_survival_35_6 | B66: lbh9517_175126 | C66: s1 | D66: survival | E66: ="s1_node_"&D66&"_name" -> s1_node_survival_name | F66: ="s1_node_"&D66&"_desc" -> s1_node_survival_desc | G66: icon_menu_battle2 | H66: 2 | I66: to_gold | J66: 410;420;430 | K66: 1260 | L66: 3 | M66: 35 | N66: 6 | O66: s1_node_survival_34_6 | T66: =_xlfn.TEXTJOIN("_",TRUE,C66,"node_eff",D66,M66,N66) -> s1_node_eff_survival_35_6
A67: =_xlfn.TEXTJOIN("_",TRUE,C67,"node",D67,M67,N67) -> s1_node_survival_36_4 | B67: lbh9517_175126 | C67: s1 | D67: survival | E67: ="s1_node_"&D67&"_name" -> s1_node_survival_name | F67: ="s1_node_"&D67&"_desc" -> s1_node_survival_desc | G67: icon_menu_max_hp | H67: 2 | I67: to_gold | J67: 420;430;450 | K67: 1300 | L67: 3 | M67: 36 | N67: 4 | O67: s1_node_survival_35_2 | P67: s1_node_survival_35_6 | T67: =_xlfn.TEXTJOIN("_",TRUE,C67,"node_eff",D67,M67,N67) -> s1_node_eff_survival_36_4
A68: =_xlfn.TEXTJOIN("_",TRUE,C68,"node",D68,M68,N68) -> s1_node_survival_37_2 | B68: lbh9517_175126 | C68: s1 | D68: survival | E68: ="s1_node_"&D68&"_name" -> s1_node_survival_name | F68: ="s1_node_"&D68&"_desc" -> s1_node_survival_desc | G68: icon_menu_max_hp | H68: 2 | I68: to_gold | J68: 430;440;460 | K68: 1330 | L68: 3 | M68: 37 | N68: 2 | O68: s1_node_survival_36_4 | T68: =_xlfn.TEXTJOIN("_",TRUE,C68,"node_eff",D68,M68,N68) -> s1_node_eff_survival_37_2
A69: =_xlfn.TEXTJOIN("_",TRUE,C69,"node",D69,M69,N69) -> s1_node_survival_37_6 | B69: lbh9517_175126 | C69: s1 | D69: survival | E69: ="s1_node_"&D69&"_name" -> s1_node_survival_name | F69: ="s1_node_"&D69&"_desc" -> s1_node_survival_desc | G69: icon_menu_trust | H69: 2 | I69: to_gold | J69: 430;440;460 | K69: 1330 | L69: 3 | M69: 37 | N69: 6 | O69: s1_node_survival_36_4 | T69: =_xlfn.TEXTJOIN("_",TRUE,C69,"node_eff",D69,M69,N69) -> s1_node_eff_survival_37_6
A70: =_xlfn.TEXTJOIN("_",TRUE,C70,"node",D70,M70,N70) -> s1_node_survival_38_2 | B70: lbh9517_175126 | C70: s1 | D70: survival | E70: ="s1_node_"&D70&"_name" -> s1_node_survival_name | F70: ="s1_node_"&D70&"_desc" -> s1_node_survival_desc | G70: icon_menu_trust | H70: 2 | I70: to_gold | J70: 450;460;460 | K70: 1370 | L70: 3 | M70: 38 | N70: 2 | O70: s1_node_survival_37_2 | T70: =_xlfn.TEXTJOIN("_",TRUE,C70,"node_eff",D70,M70,N70) -> s1_node_eff_survival_38_2
A71: =_xlfn.TEXTJOIN("_",TRUE,C71,"node",D71,M71,N71) -> s1_node_survival_38_6 | B71: lbh9517_175126 | C71: s1 | D71: survival | E71: ="s1_node_"&D71&"_name" -> s1_node_survival_name | F71: ="s1_node_"&D71&"_desc" -> s1_node_survival_desc | G71: icon_menu_max_hp | H71: 2 | I71: to_gold | J71: 450;460;460 | K71: 1370 | L71: 3 | M71: 38 | N71: 6 | O71: s1_node_survival_37_6 | T71: =_xlfn.TEXTJOIN("_",TRUE,C71,"node_eff",D71,M71,N71) -> s1_node_eff_survival_38_6
A72: =_xlfn.TEXTJOIN("_",TRUE,C72,"node",D72,M72,N72) -> s1_node_survival_39_2 | B72: lbh9517_175126 | C72: s1 | D72: survival | E72: ="s1_node_"&D72&"_name" -> s1_node_survival_name | F72: ="s1_node_"&D72&"_desc" -> s1_node_survival_desc | G72: icon_menu_max_hp | H72: 2 | I72: to_gold | J72: 460;470;470 | K72: 1400 | L72: 3 | M72: 39 | N72: 2 | O72: s1_node_survival_38_2 | T72: =_xlfn.TEXTJOIN("_",TRUE,C72,"node_eff",D72,M72,N72) -> s1_node_eff_survival_39_2
A73: =_xlfn.TEXTJOIN("_",TRUE,C73,"node",D73,M73,N73) -> s1_node_survival_39_6 | B73: lbh9517_175126 | C73: s1 | D73: survival | E73: ="s1_node_"&D73&"_name" -> s1_node_survival_name | F73: ="s1_node_"&D73&"_desc" -> s1_node_survival_desc | G73: icon_menu_max_hp | H73: 2 | I73: to_gold | J73: 460;470;470 | K73: 1400 | L73: 3 | M73: 39 | N73: 6 | O73: s1_node_survival_38_6 | T73: =_xlfn.TEXTJOIN("_",TRUE,C73,"node_eff",D73,M73,N73) -> s1_node_eff_survival_39_6
A74: =_xlfn.TEXTJOIN("_",TRUE,C74,"node",D74,M74,N74) -> s1_node_survival_40_2 | B74: lbh9517_175126 | C74: s1 | D74: survival | E74: ="s1_node_"&D74&"_name" -> s1_node_survival_name | F74: ="s1_node_"&D74&"_desc" -> s1_node_survival_desc | G74: icon_menu_battle2 | H74: 2 | I74: to_gold | J74: 470;480;490 | K74: 1440 | L74: 3 | M74: 40 | N74: 2 | O74: s1_node_survival_39_2 | T74: =_xlfn.TEXTJOIN("_",TRUE,C74,"node_eff",D74,M74,N74) -> s1_node_eff_survival_40_2
A75: =_xlfn.TEXTJOIN("_",TRUE,C75,"node",D75,M75,N75) -> s1_node_survival_40_6 | B75: lbh9517_175126 | C75: s1 | D75: survival | E75: ="s1_node_"&D75&"_name" -> s1_node_survival_name | F75: ="s1_node_"&D75&"_desc" -> s1_node_survival_desc | G75: icon_menu_battle2 | H75: 2 | I75: to_gold | J75: 470;480;490 | K75: 1440 | L75: 3 | M75: 40 | N75: 6 | O75: s1_node_survival_39_6 | T75: =_xlfn.TEXTJOIN("_",TRUE,C75,"node_eff",D75,M75,N75) -> s1_node_eff_survival_40_6
A76: =_xlfn.TEXTJOIN("_",TRUE,C76,"node",D76,M76,N76) -> s1_node_survival_41_4 | B76: lbh9517_175126 | C76: s1 | D76: survival | E76: ="s1_node_"&D76&"_name" -> s1_node_survival_name | F76: ="s1_node_"&D76&"_desc" -> s1_node_survival_desc | G76: icon_menu_max_hp | H76: 3 | I76: to_gold | J76: 480;490;500 | K76: 1470 | L76: 3 | M76: 41 | N76: 4 | O76: s1_node_survival_40_2 | P76: s1_node_survival_40_6 | T76: =_xlfn.TEXTJOIN("_",TRUE,C76,"node_eff",D76,M76,N76) -> s1_node_eff_survival_41_4
A77: =_xlfn.TEXTJOIN("_",TRUE,C77,"node",D77,M77,N77) -> s1_node_survival_42_2 | B77: lbh9517_175126 | C77: s1 | D77: survival | E77: ="s1_node_"&D77&"_name" -> s1_node_survival_name | F77: ="s1_node_"&D77&"_desc" -> s1_node_survival_desc | G77: icon_menu_max_hp | H77: 3 | I77: to_gold | J77: 490;500;520 | K77: 1510 | L77: 3 | M77: 42 | N77: 2 | O77: s1_node_survival_41_4 | T77: =_xlfn.TEXTJOIN("_",TRUE,C77,"node_eff",D77,M77,N77) -> s1_node_eff_survival_42_2
A78: =_xlfn.TEXTJOIN("_",TRUE,C78,"node",D78,M78,N78) -> s1_node_survival_42_6 | B78: lbh9517_175126 | C78: s1 | D78: survival | E78: ="s1_node_"&D78&"_name" -> s1_node_survival_name | F78: ="s1_node_"&D78&"_desc" -> s1_node_survival_desc | G78: icon_menu_trust | H78: 3 | I78: to_gold | J78: 490;500;520 | K78: 1510 | L78: 3 | M78: 42 | N78: 6 | O78: s1_node_survival_41_4 | T78: =_xlfn.TEXTJOIN("_",TRUE,C78,"node_eff",D78,M78,N78) -> s1_node_eff_survival_42_6
A79: =_xlfn.TEXTJOIN("_",TRUE,C79,"node",D79,M79,N79) -> s1_node_survival_43_2 | B79: lbh9517_175126 | C79: s1 | D79: survival | E79: ="s1_node_"&D79&"_name" -> s1_node_survival_name | F79: ="s1_node_"&D79&"_desc" -> s1_node_survival_desc | G79: icon_menu_trust | H79: 3 | I79: to_gold | J79: 500;510;530 | K79: 1540 | L79: 3 | M79: 43 | N79: 2 | O79: s1_node_survival_42_2 | T79: =_xlfn.TEXTJOIN("_",TRUE,C79,"node_eff",D79,M79,N79) -> s1_node_eff_survival_43_2
A80: =_xlfn.TEXTJOIN("_",TRUE,C80,"node",D80,M80,N80) -> s1_node_survival_43_6 | B80: lbh9517_175126 | C80: s1 | D80: survival | E80: ="s1_node_"&D80&"_name" -> s1_node_survival_name | F80: ="s1_node_"&D80&"_desc" -> s1_node_survival_desc | G80: icon_menu_max_hp | H80: 3 | I80: to_gold | J80: 500;510;530 | K80: 1540 | L80: 3 | M80: 43 | N80: 6 | O80: s1_node_survival_42_6 | T80: =_xlfn.TEXTJOIN("_",TRUE,C80,"node_eff",D80,M80,N80) -> s1_node_eff_survival_43_6
A81: =_xlfn.TEXTJOIN("_",TRUE,C81,"node",D81,M81,N81) -> s1_node_survival_44_2 | B81: lbh9517_175126 | C81: s1 | D81: survival | E81: ="s1_node_"&D81&"_name" -> s1_node_survival_name | F81: ="s1_node_"&D81&"_desc" -> s1_node_survival_desc | G81: icon_menu_max_hp | H81: 3 | I81: to_gold | J81: 510;520;540 | K81: 1570 | L81: 3 | M81: 44 | N81: 2 | O81: s1_node_survival_43_2 | T81: =_xlfn.TEXTJOIN("_",TRUE,C81,"node_eff",D81,M81,N81) -> s1_node_eff_survival_44_2
A82: =_xlfn.TEXTJOIN("_",TRUE,C82,"node",D82,M82,N82) -> s1_node_survival_44_6 | B82: lbh9517_175126 | C82: s1 | D82: survival | E82: ="s1_node_"&D82&"_name" -> s1_node_survival_name | F82: ="s1_node_"&D82&"_desc" -> s1_node_survival_desc | G82: icon_menu_max_hp | H82: 3 | I82: to_gold | J82: 510;520;540 | K82: 1570 | L82: 3 | M82: 44 | N82: 6 | O82: s1_node_survival_43_6 | T82: =_xlfn.TEXTJOIN("_",TRUE,C82,"node_eff",D82,M82,N82) -> s1_node_eff_survival_44_6
A83: =_xlfn.TEXTJOIN("_",TRUE,C83,"node",D83,M83,N83) -> s1_node_survival_45_2 | B83: lbh9517_175126 | C83: s1 | D83: survival | E83: ="s1_node_"&D83&"_name" -> s1_node_survival_name | F83: ="s1_node_"&D83&"_desc" -> s1_node_survival_desc | G83: icon_menu_battle2 | H83: 3 | I83: to_gold | J83: 530;540;540 | K83: 1610 | L83: 3 | M83: 45 | N83: 2 | O83: s1_node_survival_44_2 | T83: =_xlfn.TEXTJOIN("_",TRUE,C83,"node_eff",D83,M83,N83) -> s1_node_eff_survival_45_2
A84: =_xlfn.TEXTJOIN("_",TRUE,C84,"node",D84,M84,N84) -> s1_node_survival_45_6 | B84: lbh9517_175126 | C84: s1 | D84: survival | E84: ="s1_node_"&D84&"_name" -> s1_node_survival_name | F84: ="s1_node_"&D84&"_desc" -> s1_node_survival_desc | G84: icon_menu_battle2 | H84: 3 | I84: to_gold | J84: 530;540;540 | K84: 1610 | L84: 3 | M84: 45 | N84: 6 | O84: s1_node_survival_44_6 | T84: =_xlfn.TEXTJOIN("_",TRUE,C84,"node_eff",D84,M84,N84) -> s1_node_eff_survival_45_6
A85: =_xlfn.TEXTJOIN("_",TRUE,C85,"node",D85,M85,N85) -> s1_node_survival_46_4 | B85: lbh9517_175126 | C85: s1 | D85: survival | E85: ="s1_node_"&D85&"_name" -> s1_node_survival_name | F85: ="s1_node_"&D85&"_desc" -> s1_node_survival_desc | G85: icon_menu_max_hp | H85: 3 | I85: to_gold | J85: 540;550;550 | K85: 1640 | L85: 3 | M85: 46 | N85: 4 | O85: s1_node_survival_45_2 | P85: s1_node_survival_45_6 | T85: =_xlfn.TEXTJOIN("_",TRUE,C85,"node_eff",D85,M85,N85) -> s1_node_eff_survival_46_4
A86: =_xlfn.TEXTJOIN("_",TRUE,C86,"node",D86,M86,N86) -> s1_node_survival_47_2 | B86: lbh9517_175126 | C86: s1 | D86: survival | E86: ="s1_node_"&D86&"_name" -> s1_node_survival_name | F86: ="s1_node_"&D86&"_desc" -> s1_node_survival_desc | G86: icon_menu_max_hp | H86: 3 | I86: to_gold | J86: 550;560;570 | K86: 1680 | L86: 3 | M86: 47 | N86: 2 | O86: s1_node_survival_46_4 | T86: =_xlfn.TEXTJOIN("_",TRUE,C86,"node_eff",D86,M86,N86) -> s1_node_eff_survival_47_2
A87: =_xlfn.TEXTJOIN("_",TRUE,C87,"node",D87,M87,N87) -> s1_node_survival_47_6 | B87: lbh9517_175126 | C87: s1 | D87: survival | E87: ="s1_node_"&D87&"_name" -> s1_node_survival_name | F87: ="s1_node_"&D87&"_desc" -> s1_node_survival_desc | G87: icon_menu_trust | H87: 3 | I87: to_gold | J87: 550;560;570 | K87: 1680 | L87: 3 | M87: 47 | N87: 6 | O87: s1_node_survival_46_4 | T87: =_xlfn.TEXTJOIN("_",TRUE,C87,"node_eff",D87,M87,N87) -> s1_node_eff_survival_47_6
A88: =_xlfn.TEXTJOIN("_",TRUE,C88,"node",D88,M88,N88) -> s1_node_survival_48_2 | B88: lbh9517_175126 | C88: s1 | D88: survival | E88: ="s1_node_"&D88&"_name" -> s1_node_survival_name | F88: ="s1_node_"&D88&"_desc" -> s1_node_survival_desc | G88: icon_menu_trust | H88: 3 | I88: to_gold | J88: 560;570;580 | K88: 1710 | L88: 3 | M88: 48 | N88: 2 | O88: s1_node_survival_47_2 | T88: =_xlfn.TEXTJOIN("_",TRUE,C88,"node_eff",D88,M88,N88) -> s1_node_eff_survival_48_2
A89: =_xlfn.TEXTJOIN("_",TRUE,C89,"node",D89,M89,N89) -> s1_node_survival_48_6 | B89: lbh9517_175126 | C89: s1 | D89: survival | E89: ="s1_node_"&D89&"_name" -> s1_node_survival_name | F89: ="s1_node_"&D89&"_desc" -> s1_node_survival_desc | G89: icon_menu_max_hp | H89: 3 | I89: to_gold | J89: 560;570;580 | K89: 1710 | L89: 3 | M89: 48 | N89: 6 | O89: s1_node_survival_47_6 | T89: =_xlfn.TEXTJOIN("_",TRUE,C89,"node_eff",D89,M89,N89) -> s1_node_eff_survival_48_6
A90: =_xlfn.TEXTJOIN("_",TRUE,C90,"node",D90,M90,N90) -> s1_node_survival_49_2 | B90: lbh9517_175126 | C90: s1 | D90: survival | E90: ="s1_node_"&D90&"_name" -> s1_node_survival_name | F90: ="s1_node_"&D90&"_desc" -> s1_node_survival_desc | G90: icon_menu_max_hp | H90: 3 | I90: to_gold | J90: 570;580;600 | K90: 1750 | L90: 3 | M90: 49 | N90: 2 | O90: s1_node_survival_48_2 | T90: =_xlfn.TEXTJOIN("_",TRUE,C90,"node_eff",D90,M90,N90) -> s1_node_eff_survival_49_2
A91: =_xlfn.TEXTJOIN("_",TRUE,C91,"node",D91,M91,N91) -> s1_node_survival_49_6 | B91: lbh9517_175126 | C91: s1 | D91: survival | E91: ="s1_node_"&D91&"_name" -> s1_node_survival_name | F91: ="s1_node_"&D91&"_desc" -> s1_node_survival_desc | G91: icon_menu_max_hp | H91: 3 | I91: to_gold | J91: 570;580;600 | K91: 1750 | L91: 3 | M91: 49 | N91: 6 | O91: s1_node_survival_48_6 | T91: =_xlfn.TEXTJOIN("_",TRUE,C91,"node_eff",D91,M91,N91) -> s1_node_eff_survival_49_6
A92: =_xlfn.TEXTJOIN("_",TRUE,C92,"node",D92,M92,N92) -> s1_node_survival_50_2 | B92: lbh9517_175126 | C92: s1 | D92: survival | E92: ="s1_node_"&D92&"_name" -> s1_node_survival_name | F92: ="s1_node_"&D92&"_desc" -> s1_node_survival_desc | G92: icon_menu_battle2 | H92: 3 | I92: to_gold | J92: 580;590;610 | K92: 1780 | L92: 3 | M92: 50 | N92: 2 | O92: s1_node_survival_49_2 | T92: =_xlfn.TEXTJOIN("_",TRUE,C92,"node_eff",D92,M92,N92) -> s1_node_eff_survival_50_2
A93: =_xlfn.TEXTJOIN("_",TRUE,C93,"node",D93,M93,N93) -> s1_node_survival_50_6 | B93: lbh9517_175126 | C93: s1 | D93: survival | E93: ="s1_node_"&D93&"_name" -> s1_node_survival_name | F93: ="s1_node_"&D93&"_desc" -> s1_node_survival_desc | G93: icon_menu_battle2 | H93: 3 | I93: to_gold | J93: 580;590;610 | K93: 1780 | L93: 3 | M93: 50 | N93: 6 | O93: s1_node_survival_49_6 | T93: =_xlfn.TEXTJOIN("_",TRUE,C93,"node_eff",D93,M93,N93) -> s1_node_eff_survival_50_6
A94: =_xlfn.TEXTJOIN("_",TRUE,C94,"node",D94,M94,N94) -> s1_node_survival_51_4 | B94: lbh9517_175126 | C94: s1 | D94: survival | E94: ="s1_node_"&D94&"_name" -> s1_node_survival_name | F94: ="s1_node_"&D94&"_desc" -> s1_node_survival_desc | G94: icon_menu_max_hp | H94: 3 | I94: to_gold | J94: 600;610;610 | K94: 1820 | L94: 3 | M94: 51 | N94: 4 | O94: s1_node_survival_50_2 | P94: s1_node_survival_50_6 | T94: =_xlfn.TEXTJOIN("_",TRUE,C94,"node_eff",D94,M94,N94) -> s1_node_eff_survival_51_4
A95: =_xlfn.TEXTJOIN("_",TRUE,C95,"node",D95,M95,N95) -> s1_node_survival_52_2 | B95: lbh9517_175126 | C95: s1 | D95: survival | E95: ="s1_node_"&D95&"_name" -> s1_node_survival_name | F95: ="s1_node_"&D95&"_desc" -> s1_node_survival_desc | G95: icon_menu_max_hp | H95: 3 | I95: to_gold | J95: 610;620;620 | K95: 1850 | L95: 3 | M95: 52 | N95: 2 | O95: s1_node_survival_51_4 | T95: =_xlfn.TEXTJOIN("_",TRUE,C95,"node_eff",D95,M95,N95) -> s1_node_eff_survival_52_2
A96: =_xlfn.TEXTJOIN("_",TRUE,C96,"node",D96,M96,N96) -> s1_node_survival_52_6 | B96: lbh9517_175126 | C96: s1 | D96: survival | E96: ="s1_node_"&D96&"_name" -> s1_node_survival_name | F96: ="s1_node_"&D96&"_desc" -> s1_node_survival_desc | G96: icon_menu_trust | H96: 3 | I96: to_gold | J96: 610;620;620 | K96: 1850 | L96: 3 | M96: 52 | N96: 6 | O96: s1_node_survival_51_4 | T96: =_xlfn.TEXTJOIN("_",TRUE,C96,"node_eff",D96,M96,N96) -> s1_node_eff_survival_52_6
A97: =_xlfn.TEXTJOIN("_",TRUE,C97,"node",D97,M97,N97) -> s1_node_survival_53_2 | B97: lbh9517_175126 | C97: s1 | D97: survival | E97: ="s1_node_"&D97&"_name" -> s1_node_survival_name | F97: ="s1_node_"&D97&"_desc" -> s1_node_survival_desc | G97: icon_menu_trust | H97: 3 | I97: to_gold | J97: 620;630;640 | K97: 1890 | L97: 3 | M97: 53 | N97: 2 | O97: s1_node_survival_52_2 | T97: =_xlfn.TEXTJOIN("_",TRUE,C97,"node_eff",D97,M97,N97) -> s1_node_eff_survival_53_2
A98: =_xlfn.TEXTJOIN("_",TRUE,C98,"node",D98,M98,N98) -> s1_node_survival_53_6 | B98: lbh9517_175126 | C98: s1 | D98: survival | E98: ="s1_node_"&D98&"_name" -> s1_node_survival_name | F98: ="s1_node_"&D98&"_desc" -> s1_node_survival_desc | G98: icon_menu_max_hp | H98: 3 | I98: to_gold | J98: 620;630;640 | K98: 1890 | L98: 3 | M98: 53 | N98: 6 | O98: s1_node_survival_52_6 | T98: =_xlfn.TEXTJOIN("_",TRUE,C98,"node_eff",D98,M98,N98) -> s1_node_eff_survival_53_6
A99: =_xlfn.TEXTJOIN("_",TRUE,C99,"node",D99,M99,N99) -> s1_node_survival_54_2 | B99: lbh9517_175126 | C99: s1 | D99: survival | E99: ="s1_node_"&D99&"_name" -> s1_node_survival_name | F99: ="s1_node_"&D99&"_desc" -> s1_node_survival_desc | G99: icon_menu_max_hp | H99: 3 | I99: to_gold | J99: 630;640;650 | K99: 1920 | L99: 3 | M99: 54 | N99: 2 | O99: s1_node_survival_53_2 | T99: =_xlfn.TEXTJOIN("_",TRUE,C99,"node_eff",D99,M99,N99) -> s1_node_eff_survival_54_2
A100: =_xlfn.TEXTJOIN("_",TRUE,C100,"node",D100,M100,N100) -> s1_node_survival_54_6 | B100: lbh9517_175126 | C100: s1 | D100: survival | E100: ="s1_node_"&D100&"_name" -> s1_node_survival_name | F100: ="s1_node_"&D100&"_desc" -> s1_node_survival_desc | G100: icon_menu_max_hp | H100: 3 | I100: to_gold | J100: 630;640;650 | K100: 1920 | L100: 3 | M100: 54 | N100: 6 | O100: s1_node_survival_53_6 | T100: =_xlfn.TEXTJOIN("_",TRUE,C100,"node_eff",D100,M100,N100) -> s1_node_eff_survival_54_6
...

Sheet nexus_dic_story
A1: lbh9517_175126 | B1: lbh9517_175126 | C1: lbh9517_175126 | D1: lbh9517_175126 | E1: lbh9517_175126
A2: 고유값 | C2: 테마 id | D2: 표시 순서 | E2: 서브스토리 DB id
A3: id | B3: export_id | C3: theme_id | D3: index | E3: story_id
A4: =_xlfn.TEXTJOIN("_",TRUE,C4,"dic_story",D4) -> s1_dic_story_1 | B4: lbh9517_175126 | C4: s1 | D4: 1 | E4: v5154a_002_1
A5: =_xlfn.TEXTJOIN("_",TRUE,C5,"dic_story",D5) -> s1_dic_story_2 | B5: lbh9517_175126 | C5: s1 | D5: 2 | E5: v5154a_002_2
A6: =_xlfn.TEXTJOIN("_",TRUE,C6,"dic_story",D6) -> s1_dic_story_3 | B6: lbh9517_175126 | C6: s1 | D6: 3 | E6: v5154a_002_3
A7: =_xlfn.TEXTJOIN("_",TRUE,C7,"dic_story",D7) -> s1_dic_story_4 | B7: lbh9517_175126 | C7: s1 | D7: 4 | E7: v5154a_002_4
A8: =_xlfn.TEXTJOIN("_",TRUE,C8,"dic_story",D8) -> s1_dic_story_5 | B8: lbh9517_175126 | C8: s1 | D8: 5 | E8: v5154a_002_5
A9: =_xlfn.TEXTJOIN("_",TRUE,C9,"dic_story",D9) -> s1_dic_story_6 | B9: lbh9517_175126 | C9: s1 | D9: 6 | E9: v5154a_002_6
A10: =_xlfn.TEXTJOIN("_",TRUE,C10,"dic_story",D10) -> s1_dic_story_7 | B10: lbh9517_175126 | C10: s1 | D10: 7 | E10: v5154a_002_7
A11: =_xlfn.TEXTJOIN("_",TRUE,C11,"dic_story",D11) -> s1_dic_story_8 | B11: lbh9517_175126 | C11: s1 | D11: 8 | E11: v5154a_002_8
A12: =_xlfn.TEXTJOIN("_",TRUE,C12,"dic_story",D12) -> s1_dic_story_9 | B12: lbh9517_175126 | C12: s1 | D12: 9 | E12: v5154a_002_9
A13: =_xlfn.TEXTJOIN("_",TRUE,C13,"dic_story",D13) -> s1_dic_story_10 | B13: lbh9517_175126 | C13: s1 | D13: 10 | E13: v5154a_002_10
A14: =_xlfn.TEXTJOIN("_",TRUE,C14,"dic_story",D14) -> s1_dic_story_11 | B14: lbh9517_175126 | C14: s1 | D14: 11 | E14: v5154a_002_11
A15: =_xlfn.TEXTJOIN("_",TRUE,C15,"dic_story",D15) -> s1_dic_story_12 | B15: lbh9517_175126 | C15: s1 | D15: 12 | E15: v5154a_002_12
... A18: =_xlfn.TEXTJOIN("_",TRUE,C18,"dic_story",D18) -> s1_dic_story_15 | B18: lbh9517_175126 | C18: s1 | D18: 15 | E18: v5154a_002_15

Sheet nexus_dic_event
A1: lbh9517_175126 | B1: lbh9517_175126 | C1: lbh9517_175126 | D1: lbh9517_175126 | E1: lbh9517_175126 | F1: lbh9517_175126 | G1: lbh9517_175126
A2: 고유값 | C2: 테마 id | D2: 카테고리 | E2: 표시 순서 | F2: 타이틀 TID | G2: 설명 TID
A3: id | B3: export_id | C3: theme_id | D3: category | E3: index | F3: event_title | G3: event_desc
A4: =_xlfn.TEXTJOIN("_",TRUE,C4,"dic",D4,E4) -> s1_dic_event_1_1 | B4: lbh9517_175126 | C4: s1 | D4: event_1 | E4: 1 | F4: 낡은 유물함 | G4: 먼지 쌓인 유물함을 회수하거나 그냥 지나치는 사건.
A5: =_xlfn.TEXTJOIN("_",TRUE,C5,"dic",D5,E5) -> s1_dic_event_1_2 | B5: lbh9517_175126 | C5: s1 | D5: event_1 | E5: 2 | F5: 별빛 파편 상자 | G5: 차원 파편이 담긴 상자에서 유물 또는 재화를 노린다.
A6: =_xlfn.TEXTJOIN("_",TRUE,C6,"dic",D6,E6) -> s1_dic_event_1_3 | B6: lbh9517_175126 | C6: s1 | D6: event_1 | E6: 3 | F6: 기억의 진열대 | G6: 기록 아카이브 단서와 탐사 보상을 교환하는 사건.
A7: =_xlfn.TEXTJOIN("_",TRUE,C7,"dic",D7,E7) -> s1_dic_event_1_4 | B7: lbh9517_175126 | C7: s1 | D7: event_1 | E7: 4 | F7: 수호자의 전리품 | G7: 수호자의 흔적에서 전투 보상 또는 유물을 회수한다.
A8: =_xlfn.TEXTJOIN("_",TRUE,C8,"dic",D8,E8) -> s1_dic_event_1_5 | B8: lbh9517_175126 | C8: s1 | D8: event_1 | E8: 5 | F8: 속삭이는 기록관 | G8: 도감 단서를 얻는 대신 탐사 자원을 소모한다.
A9: =_xlfn.TEXTJOIN("_",TRUE,C9,"dic",D9,E9) -> s1_dic_event_1_6 | B9: lbh9517_175126 | C9: s1 | D9: event_1 | E9: 6 | F9: 봉인된 보관함 | G9: 봉인을 해제해 보상을 얻거나 실패 위험을 감수한다.
A10: =_xlfn.TEXTJOIN("_",TRUE,C10,"dic",D10,E10) -> s1_dic_event_1_7 | B10: lbh9517_175126 | C10: s1 | D10: event_1 | E10: 7 | F10: 탐험가의 선반 | G10: 이전 탐험가가 남긴 소모품과 정보를 선택한다.
A11: =_xlfn.TEXTJOIN("_",TRUE,C11,"dic",D11,E11) -> s1_dic_event_2_1 | B11: lbh9517_175126 | C11: s1 | D11: event_2 | E11: 1 | F11: 결투의 잔상 | G11: 다른 탐사대의 환영과 영웅 대 영웅 전투를 벌인다.
A12: =_xlfn.TEXTJOIN("_",TRUE,C12,"dic",D12,E12) -> s1_dic_event_2_2 | B12: lbh9517_175126 | C12: s1 | D12: event_2 | E12: 2 | F12: 균열 검투사 | G12: 균열에 남은 투사의 기록을 상대하고 보상을 획득한다.
A13: =_xlfn.TEXTJOIN("_",TRUE,C13,"dic",D13,E13) -> s1_dic_event_2_3 | B13: lbh9517_175126 | C13: s1 | D13: event_2 | E13: 3 | F13: 차원 투기장 | G13: 제한 조건이 붙은 PvP식 전투를 선택할 수 있다.
A14: =_xlfn.TEXTJOIN("_",TRUE,C14,"dic",D14,E14) -> s1_dic_event_2_4 | B14: lbh9517_175126 | C14: s1 | D14: event_2 | E14: 4 | F14: 이름 없는 도전자 | G14: 무작위 조합의 적 영웅 파티와 교전한다.
A15: =_xlfn.TEXTJOIN("_",TRUE,C15,"dic",D15,E15) -> s1_dic_event_2_5 | B15: lbh9517_175126 | C15: s1 | D15: event_2 | E15: 5 | F15: 전술 모의전 | G15: 태그와 영입 구성을 시험하는 모의 전투 사건.
... A17: =_xlfn.TEXTJOIN("_",TRUE,C17,"dic",D17,E17) -> s1_dic_event_2_7 | B17: lbh9517_175126 | C17: s1 | D17: event_2 | E17: 7 | F17: 공명 결투 | G17: 차원핵 공명치에 따라 보상이 달라지는 결투 사건.

Sheet nexus_dic_relic
A1: lbh9517_175126 | B1: lbh9517_175126 | C1: lbh9517_175126 | D1: lbh9517_175126 | E1: lbh9517_175126 | F1: lbh9517_175126 | G1: lbh9517_175126 | H1: lbh9517_175126
A2: 고유값 | C2: 테마 id | D2: 새로운 타입 있을 경우 추가 | E2: 표시 순서 | F2: 아이콘 파일 이름 | G2: 이름 TID | H2: 설명 TID
A3: id | B3: export_id | C3: theme_id | D3: category | E3: index | F3: icon | G3: name | H3: desc
A4: s1_relic_001 | B4: lbh9517_175126 | C4: s1 | D4: relic | E4: 1 | G4: s1_relic_001_name | H4: s1_relic_001_desc
A5: s1_relic_002 | B5: lbh9517_175126 | C5: s1 | D5: relic | E5: 2 | G5: s1_relic_002_name | H5: s1_relic_002_desc
A6: s1_relic_003 | B6: lbh9517_175126 | C6: s1 | D6: relic | E6: 3 | G6: s1_relic_003_name | H6: s1_relic_003_desc
A7: s1_relic_004 | B7: lbh9517_175126 | C7: s1 | D7: relic | E7: 4 | G7: s1_relic_004_name | H7: s1_relic_004_desc
A8: s1_relic_005 | B8: lbh9517_175126 | C8: s1 | D8: relic | E8: 5 | G8: s1_relic_005_name | H8: s1_relic_005_desc
A9: s1_relic_006 | B9: lbh9517_175126 | C9: s1 | D9: relic | E9: 6 | G9: s1_relic_006_name | H9: s1_relic_006_desc
A10: s1_relic_007 | B10: lbh9517_175126 | C10: s1 | D10: relic | E10: 7 | G10: s1_relic_007_name | H10: s1_relic_007_desc
A11: s1_relic_008 | B11: lbh9517_175126 | C11: s1 | D11: relic | E11: 8 | G11: s1_relic_008_name | H11: s1_relic_008_desc
A12: s1_relic_009 | B12: lbh9517_175126 | C12: s1 | D12: relic | E12: 9 | G12: s1_relic_009_name | H12: s1_relic_009_desc
A13: s1_relic_010 | B13: lbh9517_175126 | C13: s1 | D13: relic | E13: 10 | G13: s1_relic_010_name | H13: s1_relic_010_desc
A14: s1_relic_011 | B14: lbh9517_175126 | C14: s1 | D14: relic | E14: 11 | G14: s1_relic_011_name | H14: s1_relic_011_desc
A15: s1_relic_012 | B15: lbh9517_175126 | C15: s1 | D15: relic | E15: 12 | G15: s1_relic_012_name | H15: s1_relic_012_desc
... A103: s1_relic_100 | B103: lbh9517_175126 | C103: s1 | D103: relic | E103: 100 | G103: s1_relic_100_name | H103: s1_relic_100_desc

Sheet nexus_dic_monster
A1: lbh9517_175126 | B1: lbh9517_175126 | C1: lbh9517_175126 | D1: lbh9517_175126 | E1: lbh9517_175126 | F1: lbh9517_175126 | G1: lbh9517_175126 | H1: lbh9517_175126
A2: 고유값 | C2: 테마 id | D2: 표시 순서 | E2: 테두리 파일명 | F2: 몬스터 id | G2: 몬스터 이름 | H2: 몬스터 설명
A3: id | B3: export_id | C3: theme_id | D3: index | E3: border_type | F3: monster_id | G3: name | H3: desc
A4: =_xlfn.TEXTJOIN("_",TRUE,C4,"dic_monster",D4) -> s1_dic_monster_1 | B4: lbh9517_175126 | C4: s1 | D4: 1 | E4: normal | F4: c2003_d_c_mpao005 | G4: 균열 보초병 | H4: 차원 균열 주변을 순찰하는 하급 개체.
A5: =_xlfn.TEXTJOIN("_",TRUE,C5,"dic_monster",D5) -> s1_dic_monster_2 | B5: lbh9517_175126 | C5: s1 | D5: 2 | E5: normal | F5: c2003_d_c_mpao006 | G5: 마력 오염체 | H5: 잔류 마력에 침식되어 공격성이 높아진 개체.
A6: =_xlfn.TEXTJOIN("_",TRUE,C6,"dic_monster",D6) -> s1_dic_monster_3 | B6: lbh9517_175126 | C6: s1 | D6: 3 | E6: normal | F6: c2003_d_c_mpao007 | G6: 버려진 정찰기 | H6: 낡은 정찰 장비가 폭주한 형태.
A7: =_xlfn.TEXTJOIN("_",TRUE,C7,"dic_monster",D7) -> s1_dic_monster_4 | B7: lbh9517_175126 | C7: s1 | D7: 4 | E7: normal | F7: c2003_d_c_mpao008 | G7: 공명 파편수 | H7: 차원핵 파편을 품은 소형 몬스터.
A8: =_xlfn.TEXTJOIN("_",TRUE,C8,"dic_monster",D8) -> s1_dic_monster_5 | B8: lbh9517_175126 | C8: s1 | D8: 5 | E8: elite | F8: c2003_d_c_mpao009 | G8: 균열 집행자 | H8: 침입자를 배제하도록 재구성된 정예 개체.
A9: =_xlfn.TEXTJOIN("_",TRUE,C9,"dic_monster",D9) -> s1_dic_monster_6 | B9: lbh9517_175126 | C9: s1 | D9: 6 | E9: elite | F9: c2003_d_c_mpao010 | G9: 차원 방랑자 | H9: 여러 차원을 떠돌며 전투 기록을 흡수한 존재.
A10: =_xlfn.TEXTJOIN("_",TRUE,C10,"dic_monster",D10) -> s1_dic_monster_7 | B10: lbh9517_175126 | C10: s1 | D10: 7 | E10: elite | F10: c2003_d_c_mpao011 | G10: 심연 감시자 | H10: 심층 구역의 진입자를 감시하는 강력한 개체.
A11: =_xlfn.TEXTJOIN("_",TRUE,C11,"dic_monster",D11) -> s1_dic_monster_8 | B11: lbh9517_175126 | C11: s1 | D11: 8 | E11: elite | F11: c2003_d_c_mpao012 | G11: 공명 수호자 | H11: 차원핵 공명에 반응해 강화되는 정예 수호자.
A12: =_xlfn.TEXTJOIN("_",TRUE,C12,"dic_monster",D12) -> s1_dic_monster_9 | B12: lbh9517_175126 | C12: s1 | D12: 9 | E12: boss | F12: c2003_d_c_mpao013 | G12: 허상의 군주 | H12: 나이트메어 테마의 최종 구역을 지키는 보스.

Sheet nexus_dic_reward
A1: lbh9517_175126 | B1: lbh9517_175126 | C1: lbh9517_175126 | D1: lbh9517_175126 | E1: lbh9517_175126 | F1: lbh9517_175126 | G1: lbh9517_175126 | H1: lbh9517_175126 | I1: lbh9517_175126 | J1: lbh9517_175126 | K1: lbh9517_175126 | L1: lbh9517_175126 | M1: lbh9517_175126 | N1: lbh9517_175126 | O1: lbh9517_175126 | P1: lbh9517_175126 | Q1: lbh9517_175126 | R1: lbh9517_175126
A2: 고유값 | C2: 테마 id | D2: 달성 퍼센트 | E2: 리워드 타입 | F2: 리워드 id | G2: 리워드 개수 | H2: 등급 설정 | I2: 세트 설정 | J2: 장비 옵션 설정 | K2: 장비 강화 LV 설정(현재 15만 사용 가능) | L2: 리워드 타입 | M2: 리워드 id | N2: 리워드 개수 | O2: 등급 설정 | P2: 세트 설정 | Q2: 장비 옵션 설정 | R2: 장비 강화 LV 설정(현재 15만 사용 가능)
A3: id | B3: export_id | C3: theme_id | D3: reward_rate | E3: reward_type_1 | F3: reward_id_1 | G3: reward_1_value | H3: *grade_rate_1 | I3: *set_drop_1 | J3: *equip_op_1 | K3: *equip_enchant_lv_1 | L3: reward_type_2 | M3: reward_id_2 | N3: reward_2_value | O3: *grade_rate_2 | P3: *set_drop_2 | Q3: *equip_op_2 | R3: *equip_enchant_lv_2
A4: =_xlfn.TEXTJOIN("_",TRUE,C4,"reward",D4*100) -> s1_reward_20 | B4: lbh9517_175126 | C4: s1 | D4: 0.2 | E4: item | F4: to_gold | G4: 100000
A5: =_xlfn.TEXTJOIN("_",TRUE,C5,"reward",D5*100) -> s1_reward_40 | B5: lbh9517_175126 | C5: s1 | D5: 0.4 | E5: item | F5: to_crystal | G5: 100
A6: =_xlfn.TEXTJOIN("_",TRUE,C6,"reward",D6*100) -> s1_reward_60 | B6: lbh9517_175126 | C6: s1 | D6: 0.6 | E6: item | F6: to_ticketrare | G6: 10 | L6: item | M6: to_stigma | N6: 500
A7: =_xlfn.TEXTJOIN("_",TRUE,C7,"reward",D7*100) -> s1_reward_80 | B7: lbh9517_175126 | C7: s1 | D7: 0.8 | E7: item | F7: to_powder | G7: 80 | L7: item | M7: to_mura | N7: 1
A8: =_xlfn.TEXTJOIN("_",TRUE,C8,"reward",D8*100) -> s1_reward_100 | B8: lbh9517_175126 | C8: s1 | D8: 1 | E8: item | F8: ma_border175 | G8: 1 | L8: item | M8: to_ticketmoon | N8: 5

Sheet nexus_normal_mission
A1: lbh9517_175126 | B1: lbh9517_175126 | C1: lbh9517_175126 | E1: lbh9517_175126 | F1: lbh9517_175126 | G1: lbh9517_175126 | H1: lbh9517_175126 | I1: lbh9517_175126 | J1: lbh9517_175126 | K1: lbh9517_175126 | L1: lbh9517_175126 | M1: lbh9517_175126 | N1: lbh9517_175126 | O1: lbh9517_175126 | P1: lbh9517_175126 | Q1: lbh9517_175126 | R1: lbh9517_175126 | S1: lbh9517_175126 | T1: lbh9517_175126 | U1: lbh9517_175126 | V1: lbh9517_175126
A2: 고유값 | C2: 테마 id | D2: id 생성용 | E2: 미션 타이틀 | F2: 조건 타입 | G2: 값 | H2: 미션 텍스트 | I2: 아이템 타입 | J2: 완료 보상 | K2: 보상 값 | L2: 등급 설정 | M2: 세트 설정 | N2: 장비 옵션 설정 | O2: 장비 강화 LV 설정(현재 15만 사용 가능) | P2: 아이템 타입 | Q2: 완료 보상 | R2: 보상 값 | S2: 등급 설정 | T2: 세트 설정 | U2: 장비 옵션 설정 | V2: 장비 강화 LV 설정(현재 15만 사용 가능)
A3: id | B3: export_id | C3: theme_id | E3: mission_title | F3: condition | G3: value | H3: mission_text | I3: item_type_1 | J3: reward_id_1 | K3: reward_value_1 | L3: *grade_rate_1 | M3: *set_drop_1 | N3: *equip_op_1 | O3: *equip_enchant_lv_1 | P3: item_type_2 | Q3: reward_id_2 | R3: reward_value_2 | S3: *grade_rate_2 | T3: *set_drop_2 | U3: *equip_op_2 | V3: *equip_enchant_lv_2
A4: =_xlfn.TEXTJOIN("_",TRUE,C4,"mission_normal",D4) -> s1_mission_normal_1 | B4: lbh9517_175126 | C4: s1 | D4: 1 | E4: normal_mission_title | F4: clear_battle_level | G4: 1 | H4: =VLOOKUP(F4,레퍼런스!$E$143:$I$148,4,FALSE) -> clear_battle_level_text | I4: item | J4: to_gold | K4: 100000 | P4: item | Q4: to_stigma | R4: 300
A5: =_xlfn.TEXTJOIN("_",TRUE,C5,"mission_normal",D5) -> s1_mission_normal_2 | B5: lbh9517_175126 | C5: s1 | D5: 2 | E5: normal_mission_title | F5: clear_with_hero | G5: c5001 | H5: =VLOOKUP(F5,레퍼런스!$E$143:$I$148,4,FALSE) -> clear_with_hero_text | I5: item | J5: to_gold | K5: 200000 | P5: item | Q5: to_stigma | R5: 300
A6: =_xlfn.TEXTJOIN("_",TRUE,C6,"mission_normal",D6) -> s1_mission_normal_3 | B6: lbh9517_175126 | C6: s1 | D6: 3 | E6: normal_mission_title | F6: clear_event | G6: s1_evt_001 | H6: =VLOOKUP(F6,레퍼런스!$E$143:$I$148,4,FALSE) -> clear_event_text | I6: item | J6: to_gold | K6: 300000 | P6: item | Q6: to_stigma | R6: 300
A7: =_xlfn.TEXTJOIN("_",TRUE,C7,"mission_normal",D7) -> s1_mission_normal_4 | B7: lbh9517_175126 | C7: s1 | D7: 4 | E7: normal_mission_title | F7: recruit_hero | G7: c5001 | H7: =VLOOKUP(F7,레퍼런스!$E$143:$I$148,4,FALSE) -> recruit_hero_text | I7: item | J7: to_gold | K7: 400000 | P7: item | Q7: to_stigma | R7: 300
A8: =_xlfn.TEXTJOIN("_",TRUE,C8,"mission_normal",D8) -> s1_mission_normal_5 | B8: lbh9517_175126 | C8: s1 | D8: 5 | E8: normal_mission_title | F8: collect_relic | G8: s1_relic_095 | H8: =VLOOKUP(F8,레퍼런스!$E$143:$I$148,4,FALSE) -> collect_relic_text | I8: item | J8: to_gold | K8: 500000 | P8: item | Q8: to_stigma | R8: 300

Sheet nexus_special_mission
A1: lbh9517_175126 | B1: lbh9517_175126 | C1: lbh9517_175126 | E1: lbh9517_175126 | F1: lbh9517_175126 | G1: lbh9517_175126 | H1: lbh9517_175126 | I1: lbh9517_175126 | J1: lbh9517_175126 | K1: lbh9517_175126 | L1: lbh9517_175126 | M1: lbh9517_175126 | N1: lbh9517_175126 | O1: lbh9517_175126 | P1: lbh9517_175126 | Q1: lbh9517_175126 | R1: lbh9517_175126 | S1: lbh9517_175126 | T1: lbh9517_175126 | U1: lbh9517_175126 | V1: lbh9517_175126 | W1: lbh9517_175126 | X1: lbh9517_175126 | Y1: lbh9517_175126 | Z1: lbh9517_175126
A2: 고유값 | C2: 테마 id | D2: id 생성용 | E2: 미션 타이틀 | F2: 해당 미션 시작 | G2: 해당 미션 종료 기간 | H2: 해당 미션 시작 | I2: 해당 미션 종료 기간 | J2: 조건 타입 | K2: 값 | L2: 미션 텍스트 | M2: 아이템 타입 | N2: 완료 보상 | O2: 보상 값 | P2: 등급 설정 | Q2: 세트 설정 | R2: 장비 옵션 설정 | S2: 장비 강화 LV 설정(현재 15만 사용 가능) | T2: 아이템 타입 | U2: 완료 보상 | V2: 보상 값 | W2: 등급 설정 | X2: 세트 설정 | Y2: 장비 옵션 설정 | Z2: 장비 강화 LV 설정(현재 15만 사용 가능)
A3: id | B3: export_id | C3: theme_id | E3: mission_title | F3: start | G3: end | H3: start_zl | I3: end_zl | J3: condition | K3: value | L3: mission_text | M3: item_type_1 | N3: reward_id_1 | O3: reward_value_1 | P3: *grade_rate_1 | Q3: *set_drop_1 | R3: *equip_op_1 | S3: *equip_enchant_lv_1 | T3: item_type_2 | U3: reward_id_2 | V3: reward_value_2 | W3: *grade_rate_2 | X3: *set_drop_2 | Y3: *equip_op_2 | Z3: *equip_enchant_lv_2
A4: =_xlfn.TEXTJOIN("_",TRUE,C4,"mission_season",D4) -> s1_mission_season_1 | B4: lbh9517_175126 | C4: s1 | D4: 1 | E4: special_mission_title | F4: 46282 | G4: =F4+7 -> 46289 | H4: =F4+21 -> 46303 | I4: =H4+7 -> 46310 | J4: clear_battle_level | K4: 2 | L4: =VLOOKUP(J4,레퍼런스!$E$143:$I$148,4,FALSE) -> clear_battle_level_text | M4: item | N4: to_ticketrare_wish | O4: 5 | T4: item | U4: to_crystal | V4: 300
A5: =_xlfn.TEXTJOIN("_",TRUE,C5,"mission_season",D5) -> s1_mission_season_2 | B5: lbh9517_175126 | C5: s1 | D5: 2 | E5: special_mission_title | F5: =G4 -> 46289 | G5: =F5+7 -> 46296 | H5: =I4 -> 46310 | I5: =H5+7 -> 46317 | J5: clear_with_hero | K5: c2184 | L5: =VLOOKUP(J5,레퍼런스!$E$143:$I$148,4,FALSE) -> clear_with_hero_text | M5: item | N5: to_ticketrare_wish | O5: 5 | T5: item | U5: to_crystal | V5: 300
A6: =_xlfn.TEXTJOIN("_",TRUE,C6,"mission_season",D6) -> s1_mission_season_3 | B6: lbh9517_175126 | C6: s1 | D6: 3 | E6: special_mission_title | F6: =G5 -> 46296 | G6: =F6+7 -> 46303 | H6: =I5 -> 46317 | I6: =H6+7 -> 46324 | J6: clear_event | K6: s1_evt_002 | L6: =VLOOKUP(J6,레퍼런스!$E$143:$I$148,4,FALSE) -> clear_event_text | M6: item | N6: to_ticketrare_wish | O6: 5 | T6: item | U6: to_crystal | V6: 300
A7: =_xlfn.TEXTJOIN("_",TRUE,C7,"mission_season",D7) -> s1_mission_season_4 | B7: lbh9517_175126 | C7: s1 | D7: 4 | E7: special_mission_title | F7: =G6 -> 46303 | G7: =F7+7 -> 46310 | H7: =I6 -> 46324 | I7: =H7+7 -> 46331 | J7: recruit_hero | K7: c2184 | L7: =VLOOKUP(J7,레퍼런스!$E$143:$I$148,4,FALSE) -> recruit_hero_text | M7: item | N7: to_ticketrare_wish | O7: 5 | T7: item | U7: to_crystal | V7: 300
A8: =_xlfn.TEXTJOIN("_",TRUE,C8,"mission_season",D8) -> s1_mission_season_5 | B8: lbh9517_175126 | C8: s1 | D8: 5 | E8: special_mission_title | F8: =G7 -> 46310 | G8: =F8+7 -> 46317 | H8: =I7 -> 46331 | I8: =H8+7 -> 46338 | J8: collect_relic | K8: s1_relic_100 | L8: =VLOOKUP(J8,레퍼런스!$E$143:$I$148,4,FALSE) -> collect_relic_text | M8: item | N8: to_ticketrare_wish | O8: 5 | T8: item | U8: to_crystal | V8: 300
A9: =_xlfn.TEXTJOIN("_",TRUE,C9,"mission_season",D9) -> s1_mission_season_6 | B9: lbh9517_175126 | C9: s1 | D9: 6 | E9: special_mission_title | F9: =G8 -> 46317 | G9: =F9+7 -> 46324 | H9: =I8 -> 46338 | I9: =H9+7 -> 46345 | J9: clear_battle_level | K9: 3 | L9: =VLOOKUP(J9,레퍼런스!$E$143:$I$148,4,FALSE) -> clear_battle_level_text | M9: item | N9: to_ticketrare_wish | O9: 5 | T9: item | U9: to_crystal | V9: 300

Sheet nexus_investment
A1: lbh9517_175126 | B1: lbh9517_175126 | C1: lbh9517_175126 | D1: lbh9517_175126 | E1: lbh9517_175126 | F1: lbh9517_175126 | G1: lbh9517_175126
A2: 고유값 | B2: 테마 id | C2: id 생성용 | E2: 투자량 | F2: 투자 효과 텍스트 | G2: 활성화 효과
A3: id | B3: theme_id | D3: export_id | E3: invest_cnt | F3: invest_text | G3: nexus_effect_id
A4: =B4&"_investment_"&C4 -> s1_investment_1 | B4: s1 | C4: 1 | D4: lbh9517_175126 | E4: 25 | F4: =A4&"_desc" -> s1_investment_1_desc | G4: s1_investment_1
A5: =B5&"_investment_"&C5 -> s1_investment_2 | B5: s1 | C5: 2 | D5: lbh9517_175126 | E5: 100 | F5: =A5&"_desc" -> s1_investment_2_desc | G5: s1_investment_2
A6: =B6&"_investment_"&C6 -> s1_investment_3 | B6: s1 | C6: 3 | D6: lbh9517_175126 | E6: 200 | F6: =A6&"_desc" -> s1_investment_3_desc | G6: s1_investment_3
A7: =B7&"_investment_"&C7 -> s1_investment_4 | B7: s1 | C7: 4 | D7: lbh9517_175126 | E7: 325 | F7: =A7&"_desc" -> s1_investment_4_desc | G7: s1_investment_4
A8: =B8&"_investment_"&C8 -> s1_investment_5 | B8: s1 | C8: 5 | D8: lbh9517_175126 | E8: 500 | F8: =A8&"_desc" -> s1_investment_5_desc | G8: s1_investment_5

Sheet 레퍼런스
A1: nexus_out_system — 시트 레퍼런스
A3: ▸ nexus_theme_level
A4: 테마 패스 레벨별 필요 EXP 및 보상. dic_collect_story로 도감 스토리 해금.
A5: 필드명 | B5: 설명
A6: id | B6: 패스 레벨 고유 ID (예: s1_pass_1)
A7: export_id | B7: -
A8: theme_id | B8: → nexus_main.theme_id (FK)
A9: level | B9: 패스 레벨 (1~99)
A10: need_exp_value | B10: 해당 레벨 도달에 필요한 EXP 수치
A11: reward_id_1 | B11: 보상 아이템 ID (예: to_gold)
A12: reward_value_1 | B12: 보상 수량
A13: dic_collect_story | B13: 해금될 도감 스토리 ID
A14: main_reward | B14: y 입력 시 메인 리워드로 표시
A15: *grade_rate_1 | B15: 장비 보상 등급 설정
A16: *set_drop_1 | B16: 장비 세트 설정
... A18: *equip_enchant_lv_1 | B18: 장비 강화 LV (현재 15만 사용 가능)
A20: ▸ nexus_hall_level
A21: 홀(함교) 레벨별 필요 재화 및 보상 정의. 최대 10레벨. reward_type: node/item/story 지원.
A22: 필드명 | B22: 설명 | D22: reward_1_type_1 | E22: reward_1_type_2 | F22: reward_1_cnt
A23: id | B23: 레벨 고유 ID (예: s1_level_1) | D23: node | E23: permission | F23: N
A24: export_id | B24: - | D24: item | E24: item_id | F24: cnt
A25: theme_id | B25: → nexus_main.theme_id (FK) | D25: story | E25: story_id
A26: level | B26: 홀 레벨 (1~10)
A27: level_bg | B27: 레벨 별 메인 배경
A28: level_image | B28: 해당 레벨의 홀 이미지 파일명
A29: level_require_item_id | B29: 레벨 업 필요 아이템 ID (예: to_gold)
A30: level_require_item_value | B30: 레벨 업 필요 아이템 수량
A31: reward_type_1 | B31: 보상 타입 1 (node / item / story)
A32: reward_id_1 | B32: 보상 ID 1 (예: permission, to_gold, story_id)
A33: reward_1_value | B33: 보상 수량 1
A34: *grade_rate_1 | B34: 장비 보상 등급 설정
A35: *set_drop_1 | B35: 장비 세트 설정
A36: *equip_op_1 | B36: 장비 옵션 설정
A37: *equip_enchant_lv_1 | B37: 장비 강화 LV
... A44: *equip_enchant_lv_2 | B44: 장비 강화 LV
A46: ▸ nexus_node
A47: 연구 노드 트리 구조. column/row 좌표계로 위치 정의. active_item으로 활성화 비용 지정. condition_node로 선행 노드 최대 5개 지정. category는 nexus_node_category.category(FK).
A48: 필드명 | B48: 설명
A49: id | B49: 노드 고유 ID (예: s1_node_normal_1_3 = theme_카테고리_컬럼_행)
A50: export_id | B50: -
A51: theme_id | B51: → nexus_main.theme_id (FK)
A52: category | B52: → nexus_node_category.category (FK, 예: s1_normal)
A53: category_name | B53: 카테고리 표시 이름 TID (nexus_node_category.node_name 참조용)
A54: image | B54: 노드 이미지 파일명
A55: node_permission | B55: 해금에 필요한 홀 레벨 permission 등급
A56: active_item_id | B56: 노드 활성화에 필요한 아이템 ID (예: to_gold)
A57: active_item_value | B57: 노드 활성화에 필요한 아이템 수량
A58: active_step | B58: 노드 활성화 가능 횟수 (미입력 시 1회)
A59: column | B59: 노드 X 좌표 (트리 깊이)
... A66: nexus_effect_id | B66: nexus_effect 테이블의 효과 ID
A68: ▸ nexus_node_category
A69: 노드 카테고리 정의. category(PK)는 "{theme_id}_{category_type}" 형태의 복합키. nexus_node.category가 FK로 참조.
A70: 필드명 | B70: 설명
A71: category | B71: 노드 카테고리 고유 ID (예: s1_normal) — theme_id + 카테고리 타입 조합
A72: index | B72: 카테고리 정렬 순서
A73: node_name | B73: 카테고리 표시 이름 TID
A75: ▸ nexus_dic_story
A76: 도감 — 스토리 수집 항목. 탐사 진행 중 서브스토리를 해금해 도감에 기록.
A77: 필드명 | B77: 설명
A78: id | B78: 항목 고유 ID (예: s1_dic_story_1)
A79: export_id | B79: -
A80: theme_id | B80: → nexus_main.theme_id (FK)
A81: index | B81: 도감 내 표시 순서
A82: story_id | B82: 서브스토리 DB ID
A84: ▸ nexus_dic_event
A85: 도감 — 이벤트(사건) 수집 항목. event_1 / event_2 카테고리로 구분.
A86: 필드명 | B86: 설명
A87: id | B87: 항목 고유 ID (예: s1_dic_event_1_1)
A88: export_id | B88: -
A89: theme_id | B89: → nexus_main.theme_id (FK)
A90: category | B90: 이벤트 분류 (event_1 / event_2)
A91: index | B91: 도감 내 표시 순서
A92: event_title | B92: 이벤트 제목 TID
A93: event_desc | B93: 이벤트 설명 TID
A95: ▸ nexus_dic_relic
A96: 도감 — 유물(기물) 수집 항목. 탐사 중 획득한 유물을 기록.
A97: 필드명 | B97: 설명
A98: id | B98: 항목 고유 ID (예: s1_relic_1)
A99: export_id | B99: -
A100: theme_id | B100: → nexus_main.theme_id (FK)
A101: category | B101: 유물 타입 (relic 등 추가 가능)
A102: index | B102: 도감 내 표시 순서
A103: icon | B103: 아이콘 파일명
A104: name | B104: 이름 TID
A105: desc | B105: 설명 TID
A107: ▸ nexus_dic_monster
A108: 도감 — 몬스터 수집 항목. normal / elite / boss 3종 카테고리.
A109: 필드명 | B109: 설명
A110: id | B110: 항목 고유 ID (예: s1_dic_monster_1)
A111: export_id | B111: -
A112: theme_id | B112: → nexus_main.theme_id (FK)
A113: index | B113: 도감 내 표시 순서
A114: border_type | B114: 몬스터 등급 (normal / elite / boss)
A115: monster_id | B115: 몬스터 DB ID
A116: name | B116: 몬스터 이름 TID — 미입력 시 해당 monster_id 정보 표시
A117: desc | B117: 몬스터 설명 TID — 미입력 시 해당 monster_id 정보 표시
A119: ▸ nexus_dic_reward
A120: 도감 달성률 구간별 보상 정의. reward_rate로 달성률 임계값 지정(0.2~1.0). 보상 슬롯 2개 지원.
A121: 필드명 | B121: 설명
A122: id | B122: 보상 고유 ID (예: s1_reward_20 = 20% 달성 보상)
...
